ID,NAME,SERVER,BANNER_IMG,RATING,BRACKET_WINS,FLAIR,H,STATUS,J
008999dc-a449-4070-8842-d80d70f38f27,franco'fighters,111,https://drive.google.com/uc?export=view&id=1HTmHEgbXNWMjuPVZ2jDPoVphawColTgC,627.4023939,0,,4,Active,
01a13655-097e-4348-8b63-3376081331f7,Demonic VengeINTs,97,https://drive.google.com/uc?export=view&id=1WAb7Yu22fX87qOfC0tQZAS9i8tjKFm8v,608.2882398,0,,6,Active,
0239c21d-214b-4fdf-b9c2-6a907d711cf9,FRANCE,47,,585.447256,0,,5,Active,
02f3f062-620a-457a-8700-75c2d14e31a7,Squirters,398,https://drive.google.com/uc?export=view&id=1yYbAGS4dMmpIrpvZ_ds5iqgE7F0ZRmAt,626.9509798,0,,2,Active,
03bcb290-e9c5-4dc8-bc86-7b9a88ce76c5,Phoenix,333,https://drive.google.com/uc?export=view&id=1-x9R0dy9fdY3zcU3U5kNg74nT1KU5ngt,654.5297753,0,,1,Active,
0473941c-8fe5-4967-a3d1-fbc7ff1a4ed1,[I.A.F] Â∏ùÂúãÁ•ûÂÖµ,123,https://drive.google.com/uc?export=view&id=1SLu5xkN2dMLfU6vrZkCS2Xb4vR_F2_WU,607.0661132,0,,1,Active,43266
04c9e67c-ed32-4b32-b989-078a9ab80400,MLA,173,https://drive.google.com/uc?export=view&id=1K7izJZbHR1QYpRxenaY8mdohBstjip-o,669.8026683,0,,1,Active,
04e3cd25-0651-4a5d-9587-0aca916282c8,Abyss,100,https://drive.google.com/uc?export=view&id=16cxQTmdNYDVcHbXRUG2XpT-Rn9NJ2c6r,725.2643658,2,,2,Active,
053619a6-d12e-46ec-b5a1-e123484da153,TOP DOG,257,https://drive.google.com/uc?export=view&id=1TRC-cLTVq8ltKbDyY-WrjT_OaQ6v78Hg,598.7653909,0,,5,Active,
05eb3d73-1c31-4560-a450-b4a5c61b0454,Invictus,93,,605.5090376,0,,3,Active,15515
05ffd73a-7be5-40b7-a942-a146ea5d1d84,Gravy Boat,141,https://drive.google.com/uc?export=view&id=14vUwJeCeaM_zltdcTY4d1OJvXKJCe1S5,586.6948305,0,,3,Active,
064fbfd3-de45-43c4-8a7e-fc40b891ab58,Ex Nihilo,259,,584.5231246,0,,4,Active,
0665c10e-9380-4201-a078-519507f60634,Jaguwar,289,,583.3472136,0,,,Disbanded,
06ed47fd-16d1-48c3-be01-2726ab6fdd33,V√ò√òƒêOO ‡∏ø‚±§…Ü‚Ç©,361,https://drive.google.com/uc?export=view&id=163AkLn_-68vqUh8q2tnwy5-USkWT46KA,617.301088,0,,,Active,
070516be-9f5e-4bde-856e-aa148a403731,FLAAADS,113,https://drive.google.com/uc?export=view&id=1M9fD6ZgHHaeNiMzlKMSQ_6MCJV1D7UX8,573.5451395,0,,3,Active,
076f1e17-acb0-4ba3-8e2b-9d2474c23b9a,Fire Team Esp√©rance,188,https://drive.google.com/uc?export=view&id=1LotBd3B9lHQjsBHCixf9ojwZKYEFXp4P,616.5813625,0,,2,Active,
07f551c3-b14e-4a8c-bae0-732c51bab2d3,Brave Diablos,178,https://drive.google.com/uc?export=view&id=1vb6kNNE3NLeZQaYELfhZY1gx7RzCtIRz,691.512414,0,,1,Active,
09333437-f486-4497-8ffd-a20835c79ffb,Vikings of Mayhem,97,https://drive.google.com/uc?export=view&id=1g6nuRFqIYYqvjD5DJOlWqvpWH_9tWZHr,605.0114443,0,,1,Active,
098a1698-43dd-45fe-a7be-7e78990a60fa,Mystic Hurricane,150,,586.92071,0,,5,Active,
0a1ec1d5-64b5-4672-9c2a-93622223502f,Ragnarok,192,https://drive.google.com/uc?export=view&id=1vxjvGD3_WJqyGTmcugddoHJAiBe3zX0v,632.7937294,0,,1,Active,100670406
0a8db991-16a3-4479-a6f3-5e7bc859271e,JAG,289,https://drive.google.com/uc?export=view&id=1RRfyjxmLRjLQjqOrOazyf5WTB7JiHF2F,660.1052469,0,,2,Active,
0adf7d30-2bba-4c14-a85a-2e930f4ec63f,Odins Zorn,116,https://drive.google.com/uc?export=view&id=1YOA8QoKvPoTc13NDItxeDCHfTllbFIog,667.1755213,0,,2,Active,49097
0aeb220b-451a-4d2e-8c3a-eb5ce37cf809,Kingfishers,77,https://drive.google.com/uc?export=view&id=1AWJ5Z3VrLfMe7S6z43CUEZJm1VeNtkce,609.9015002,0,,8,Active,
0afa8828-265a-4d03-b898-c20468425d1c,Germany,101,,605.6835029,0,,5,Active,
0bec9e8c-596e-41c0-9b27-d6c9d9789952,Regulators II,108,,588.7662697,0,,6,Active,
0c9e63de-85a2-4fdf-b9f1-7817c660bd07,Spread EagleÈ≥≥Âá∞,124,https://drive.google.com/uc?export=view&id=1ptlt-IdA4KPRFO1ch-AFYJ5utM-l01LU,700.65,2,,,Retired,
0cc6d717-fd4d-478b-a73c-3ba6c2cbad55,The Itchy Crabs,173,https://drive.google.com/uc?export=view&id=16SkhhoHhFF_SN61lgUDH8uVnolBpnQhT,614.3852479,0,,3,Active,
0cf78829-8066-4f92-ae9d-2f6efbf9a7ca,ASGARD,239,https://drive.google.com/uc?export=view&id=1twAgqAMOvaC4ozhQMYWRILltAMi8MnjD,583.845874,0,,5,Active,
0d3f484f-eb40-43ee-9ee8-f7da735ab2a1,Barun's Ohana,245,https://drive.google.com/uc?export=view&id=1g5Hxv6U_v-CDd5WI_F8jjJ3PF9eX2D17,587.8,0,,,Disbanded,
0d5fed0c-ce26-49ad-b5b4-03f596658a96,Gravy Bar,141,,578.1284286,0,,3,Active,
0d64d682-d405-4ad6-9150-9144f48aa741,United,58,,592.7617303,0,,,Active,96716
0e2fa1cc-66a3-4fa6-8326-e60ef2b12d41,Devils,114,https://drive.google.com/uc?export=view&id=1q3u-BMlDZzWZy0p73--WVcSeCf-UojuD,611.7894811,0,,6,Active,
0e73c832-19b9-4ceb-9c74-cf7d9d77e7c7,FREY,184,https://drive.google.com/uc?export=view&id=1BeegfZ77aD8UOXRzCPkwfsT7tbEtzbt7,616.9871019,0,,4,Active,37335
0e913e8a-5321-4d07-9519-1725b0b9ee1e,‚Ç±…ÑR…Ü B‚±†√ò√òƒê,232,https://drive.google.com/uc?export=view&id=1vSSqSYzo4Ia74zaDnMreUhK3aMqT8-qs,670.9518444,0,,3,Active,59332
0fa40500-7072-45e1-89bc-142810dd5c5a,Solar‚òÄSlayers,315,,598.7615685,0,,4,Active,
0fd2de25-b234-41ad-8b98-a6280b9d069d,Tempest Council,182,https://drive.google.com/uc?export=view&id=1PXlIzd-qUdveS2eyIZSkxaylX_fe11EJ,647.3,0,,,Retired,
1002a9d8-00f0-4fc3-b765-fef927dfd65c,Affinity of Usurpers,96,https://drive.google.com/uc?export=view&id=1-KGBrQAh5ra5g5mgZodeUbRjB0tyCO_u,570.6770539,0,,6,Active,
104d00a1-2c3f-4e28-8031-e3b1e34dd408,Tropic Thunder,146,,595.3002807,0,,6,Active,
10883be7-bd48-41bf-b3d7-11d8b2c31163,Freedom!,201,https://drive.google.com/uc?export=view&id=1ksabGkCPao8IM3X8Ph4zwj-5-KaSn776,551.5485522,0,,3,Active,
10ea2df2-2544-4ea3-8f0a-5d5f0a9c8d0e,Valhalla,114,https://drive.google.com/uc?export=view&id=1hq5_8xPCZeR49aEBYp2QJYTGMHHpg-Ah,631.7945839,0,,3,Active,
116289f5-986e-4fee-a95e-19a097da5aeb,‰πÉÔæë„Çä & „ÇäÔæâ‰∏Ç„Çì„ÅÆÂàÄ„ÅÆÂ∞∫‰πá„Çä,50,https://drive.google.com/uc?export=view&id=1ORDyPrEmiAFVt5OBLnOW4q83mLiVTwQL,576.9458755,1,,1,Active,
11a66bc6-1b2e-448c-8f73-dc3178765a16,Power House 2.0,89,https://drive.google.com/uc?export=view&id=1NftAW-fTHfkKMIcKFSRe4RHe2FpTQpNb,576.841286,0,,4,Active,
11d75c98-e674-437d-8181-b547cc04fdf4,Rebel Horde,135,https://drive.google.com/uc?export=view&id=1Rb_lL4VAUBmq7H_8tt0n0pwIG0lVrxOp,579.26,0,,,Retired,
11d95ab3-cd3b-4d38-8104-e707421a9111,·ø≥ƒ±∆à∆ô…õ…ñ Œ∂Œ¶mœÅŒªŒ∑Œ≥,299,,594.6946223,0,,5,Active,
11e69488-2ac6-4b63-a1d8-8e74e6bdd880,œâŒπŒæŒ∫ŒµŒ¥ Œπ–∏Œ∫,294,https://drive.google.com/uc?export=view&id=1PPzOc70euHmtMx6kNeZczfVEsR9paTAu,543.3095668,0,,6,Active,
12449ad6-b3f2-4295-a7b2-9c57a2a16450,S·¥ò…™·¥á ü“ì Ä·¥á·¥ú·¥Ö·¥á,96,https://drive.google.com/uc?export=view&id=1oojkMD0Mg4lRHkGr_bHtnaSH1rpalb_v,656.2273462,0,,,Retired,
1295531e-7a92-444c-a0e3-3146215329aa,Êó∂‰ª£ Èù©ÂëΩ,214,https://drive.google.com/uc?export=view&id=1XdUD6bIw_G9k7cjuP24BfZU67pl6mN0i,555.8184194,0,,1,Active,
12cf8eb6-4170-4442-98b5-27eac3e3c4cb,L4D,59,https://drive.google.com/uc?export=view&id=1TPwM26tLtIskW9jGRX8IoTJGNYFCryRr,571.6434242,0,,3,Active,
1329320b-0c6f-452b-a430-0edec8653b38,Undead Rises,196,,598.4897465,0,,,Active,
13831d13-be84-476f-bae6-7c04ae2ecc58,Rising Tides,104,https://drive.google.com/uc?export=view&id=1kcA7QbpGMKfKiv5Q9ZbKY-UNnSwbsx-5,626.2127554,0,,6,Active,
13be1e8f-2ddc-4b0a-98cc-055e95f464f9,MAXIMUS IMPERIUM,166,,561.6803198,0,,6,Active,
13cf32c9-4f0c-4f32-9e6d-b24a25e65a91,.38 Special,35,https://drive.google.com/uc?export=view&id=1elDED_e7WkO3vh7a0LXWrtzeAOQRrqqm,589.43,0,,,Disbanded,
13e52f34-a7d7-4e3a-9f01-676ef59310a2,Vi·ªát Nam No1,150,https://drive.google.com/uc?export=view&id=1fGrPY02MM7t8urcrEA0m01gPd32gHavp,597.1308932,0,,2,Active,
140b16d6-d0ea-4184-9ac3-2ad7bab5aaba,Akatsuki,423,,565.6592135,0,,3,Active,
142ce20a-e301-45fe-855b-f045a42490ba,Whiskey Valor,43,https://drive.google.com/uc?export=view&id=11IoL-qlVm2IRy02xcEyxoiMrxa8UMwqZ,589.7516494,0,,4,Active,
143c90c5-b5b9-4eef-9e46-c870b2507d0e,Elysium¬≤,136,https://drive.google.com/uc?export=view&id=1UoGFbo0wBCMV8xaqJ25gKZaesEg7j2Oe,691.5675918,0,,1,Active,
14644d0d-9c7f-42df-bef1-5ddb3eadf658,FairyTailers,32,https://drive.google.com/uc?export=view&id=1iOljSPMLagLb6ZPUkWAxcAhOz_uQiZIC,566.58,0,,,Retired,
14925ce5-f91d-46ac-bed4-43b2ccc1bdad,Unpredictable,201,,563.6160838,0,,,Active,
149bb55d-cd8e-4c93-9298-19af76ad56ac,Goonies,299,,581.277319,0,,1,Active,
14bbcfb4-2028-4b56-b899-40a957180691,Áæ§ÈæçÊúÉDC I,253,https://drive.google.com/uc?export=view&id=1FglH-mS_bWkQZ_i1817WyDZKxXrWnErn,609.380537,0,,,Active,93395
14db27bd-d518-4662-aeb0-52901cdaed9a,Cartel,198,,599.1652922,0,,,Active,
1547fd01-ea11-4b4c-bbf7-ca3f2eb83443,pixel mother fucker,38,https://drive.google.com/uc?export=view&id=1Nr4t65nnUCBfRp4oyAaQtO85A2sJUX_e,561.27,0,,,Retired,
160bfdaf-ab51-4429-94c1-919bdd31c3f5,THE IMMORTALS,283,,606.0379249,0,,,Active,
16190153-457c-41c4-af7d-afd7ff0e4411,Omega Minds,319,https://drive.google.com/uc?export=view&id=1OOH7exxSGSf1fP6-J0ZIj1pILWIIduXJ,608.27429,0,,1,Active,
161c6cfe-a351-49b9-a908-55c2a0592567,Rebel NeXus,143,,556.1072382,0,,1,Active,
164dbd16-42b9-4f23-b8ac-878f23e8c4b3,Ragnar√∂k,161,https://drive.google.com/uc?export=view&id=1-26EosDo50HgI7ya8gcAqWMXCSedVlqs,596.3677351,0,,2,Active,
1685d829-7aa0-49e1-94fe-8119381f5add,We are GS Guardians,199,,599.9711221,0,,4,Active,57946
16b944d3-cac8-4016-82b1-98134179354f,Sleeping Forest,142,https://drive.google.com/uc?export=view&id=1sBCSPQ850G5S3_pNwWfzzAZf1yG8o-uL,602.04,0,,,Disbanded,
176eae63-646f-47cd-989f-f260373b9117,The Hidden Leaf,96,https://drive.google.com/uc?export=view&id=1Ii4EjPzVXzIkUQCTfA4o73rArVRC7q87,656.4395211,0,,2,Active,
17f50227-2f32-45ec-b720-e17c51356a9c,Thanatos,75,,539.3598623,0,,2,Active,
195ddafe-a4d3-4591-a60a-c0d59e151afe,EndlessWars,254,,601.3869417,0,,4,Active,
19ae5ecb-e64c-463f-b44e-fd0ab2c974b2,Olympus Militia Gods,273,,603.2779719,0,,4,Active,
1abb826e-8c89-42fb-b52a-0fb4d3be07b5,Vinland Saga,85,https://drive.google.com/uc?export=view&id=1C6KKkgBiORlMgpvAvwPg6JGtM2faRms9,692.4205307,0,,3,Active,
1b4e57c9-040b-4ff5-b985-da931757ab49,Cybertron,131,https://drive.google.com/uc?export=view&id=16I-tw23sFmsGphH3seF9a8tLFTp9rrnH,624.5903638,0,,3,Active,
1c8b00d7-8ab9-4e17-b1cf-3cfc717b16ea,Darkness,165,,576.2348235,0,,3,Active,
1ceb8802-84c0-4405-8056-00b7cb242fd5,Celts,58,https://drive.google.com/uc?export=view&id=1axKpKfRlMtmi2n5Tr6n3Yi7tXatlAASJ,631.4874871,0,,,Active,
1d1912a3-1816-4d71-9de6-6d72409cf0eb,Dark Side,132,,595.1788877,0,,2,Active,
1d9cbc8c-d8b4-4eda-95ae-8ba9e3b04639,Omega,193,https://drive.google.com/uc?export=view&id=1hDFIgPnkhtn8RB8DWLUTpu9xXlMA4w4w,646.0646435,0,,7,Active,
1da02f96-4a76-4c65-b5f2-918d9eb9b112,üî•Wildpulseüî•,103,https://drive.google.com/uc?export=view&id=1P_zzqCr8TEUShZb5Bv3bdASmOC871sRB,785.3936411,16,,5,Active,
1effb873-7cc3-4676-8c1e-4923f49a3b84,Mutiny,275,,611.3827016,0,,4,Active,
1f310861-b1c5-4c5d-b912-4d9608dcc35b,Goethes Faust,13,,586.2612409,0,,,Active,
1f3983fc-e114-436f-84d5-d77fedd2f0d4,The Way,173,,601.5351993,0,,1,Active,
1f58aa4e-bc7d-46d4-accf-cb700d8ad9da,Above Syndicate,2,https://drive.google.com/uc?export=view&id=1iVqUes-kugFeGPyPS53aC6Bm-V5-vhh5,681.6890415,38,,4,Active,
200a4c7a-82d5-45cf-b1a2-4b761bcdc7ba,Revo|TT,96,https://drive.google.com/uc?export=view&id=1vsjVPayvfE_kIzwJhd_vRXOA6SZpQx4-,584.7192975,0,,3,Active,
205caa4b-f3ce-4489-aa6f-8dfed2410826,SOLARIS [QE],177,https://drive.google.com/uc?export=view&id=1cwGF9HGSh0y09Ee4tAHd787nzEjWQtsp,593.0315752,0,,3,Active,
2076a65f-db54-4b58-89e5-40f26291ba68,‚Ç≤‚Ç≥‚±†‚Ç≥‚Çµ‚ÇÆ≈Ç‚Çµ ‚±ß√ò‚±§ƒê…Ü,163,,594.8678358,0,,2,Active,
2137bb8d-8002-4477-b85c-8d06fe1f2109,œÇ·¥Ä Ä…¥·¥Ä…¢·¥á  Ä·¥ÄœÇ·¥á,16,https://drive.google.com/uc?export=view&id=15FXetaqI_Ml06QWppevwp9n41XufHY2z,672.7183951,0,,3,Active,79622
21d8862b-332e-4dd3-ba8c-09e999b500dc,FROM THE ASHES,24,https://drive.google.com/uc?export=view&id=1mWGd2dk9GpQ6YhC0oT-Re_CUapb-gvxX,618.9298945,0,,,Active,
2206e9bb-1b03-4923-80ce-2d9548aeb88c,German Warriors,76,https://drive.google.com/uc?export=view&id=1l3_DjIRVkg8MHCi2np6AZqpm-oaT53jE,547.1668356,0,,,Active,
221c7f28-e928-4d82-8421-bc041381c7c0,Beerfolks,148,https://drive.google.com/uc?export=view&id=1nvPHQag7nKEl1ypnKTsbYuX1pnYPkxGC,608.7842493,0,,7,Active,
22267a12-5742-40c4-86cc-419d060b973f,ÂπªÂΩ±ÊóÖÂõ¢,300,https://drive.google.com/uc?export=view&id=1olJMtTYovmpjzf1mSKtOePPjB0zTaLTZ,756.648867,1,üëë,9,Active,
225aebea-415a-48ad-8f2d-25288f431f08,The Kamikazes,141,,575.9721102,0,,,Active,
22a77fcf-4d46-416b-8671-8307ccab71f6,Salvation,294,https://drive.google.com/uc?export=view&id=1CA9yyh5X9k7jPaNS6c644ZJowSp5N2Mj,540.1015286,0,,3,Active,
22c1ba9d-d688-4eab-ad47-4cb01ad4be11,London,116,https://drive.google.com/uc?export=view&id=1xC2uh2glhH_f6t0OS4phlYcWR4ElLdY-,599.8207353,0,,,Active,
23a7d252-77f5-4b8d-8d73-84ca8e6599da,Gaya,28,https://drive.google.com/uc?export=view&id=1AwrSDy5d1Cg_qk2hXvh0ckRW4YL9BoVL,759.6566545,19,,6,Active,67116863
2438c364-5d69-454c-b054-3ceaa87b770f,Midnight,121,https://drive.google.com/uc?export=view&id=1UCjSOdm48XL3aTpie7W390DBQsUSTEqR,718.5421839,0,,4,Active,50344
24576395-b2e1-4747-9790-8cfa881c584c,ÊòüËæ∞Â§ßÊµ∑ Sea of Heroes,88,https://drive.google.com/uc?export=view&id=1p4HuGE9W7ILA7eB_EGaZ_tMlR8X3y8o3,625.7048465,0,,6,Active,
2466756e-8527-4c8f-b7a7-cfe4315bad5c,take it easy,322,,567.1382562,0,,,Active,
2498296d-4887-47d4-821c-24d43480f9f9,Shadow Knights,421,,613.2109164,0,,,Active,
25f2b6c0-e106-4659-ade6-0accebe766ce,The Round Table,161,,614.4302709,0,,,Active,
260132ff-16ee-42a9-9107-379601c76b92,CyberReign,206,,586.3915687,0,,1,Active,
260996ad-09dc-4143-a209-1917c1348357,France Team,94,https://drive.google.com/uc?export=view&id=1w683vsIGl-Am2jDn-ZDck_4Bk-oA5O0_,572.5334681,0,,,Active,
263a9543-c836-480a-9ce4-10d241187089,ƒê‚±§…Ü‚Ç≥‚Ç• ‚±†…Ü‚Ç≥‚Ç≤…Ñ…Ü,181,https://drive.google.com/uc?export=view&id=1pYE3Bh6nRqO2OWGWtaZn_UpgXLp837dQ,637.87,0,,,Disbanded,
26754c33-4bdd-46b6-a17c-c45d5075a88e,Zenn-La,249,https://drive.google.com/uc?export=view&id=18gQhblHmMk1Jfk1dSrJBtzYOcQpsZsg-,584.7599482,0,,3,Active,118092
267dd408-af0e-488b-84bd-069417e1ab9d,Selias Lighthouse,117,https://drive.google.com/uc?export=view&id=1_fx6_BoOMSF6MTLRTRK8k_Y7SOoaHgYr,727.4340199,1,,1,Active,
27059065-7e73-4e32-b3dc-e534128b9335,Dragon Slayers,87,https://drive.google.com/uc?export=view&id=1VhDJbYPdzJclaLH9ROr_j9W-q-E8-IiZ,559.5694665,0,,5,Active,
28198afc-2be3-4e67-93f3-60aa87758d55,Warriors United,124,https://drive.google.com/uc?export=view&id=1FWKNOsBVgP6DbZYa3heD4AkxbrrEUK6o,618.4429625,0,,4,Active,
28ab0d2e-6f47-43b5-98e9-13c0611a8ac4,New Beginnings,72,https://drive.google.com/uc?export=view&id=1iIk_NWYUfK4ncR5UZLjQWO8lx3nkBb80,593.4031864,0,,,Disbanded,
28ae8a72-d132-46d4-97b5-28869776b88e,The Vaccinated,251,https://drive.google.com/uc?export=view&id=1hoXxJkIN30mEPS_B--5N0diEDKrtvzNo,597.5097978,0,,1,Active,118914
28afb1cf-0c87-422c-b54b-55d2bb5386d9,mini,165,,563.7079478,0,,,Active,
28d78de5-6789-4fc1-a57f-41e2dc984216,30 Ronin,134,https://drive.google.com/uc?export=view&id=1LkSLvvBdcvj0zpQ09d_W0zAJg-6IRSCR,635.27,0,,,Retired,
29005446-cdfc-4b81-80e4-02433645af5b,Dynasty Warriors,161,,618.0942704,0,,,Active,
29162c67-bdf0-4785-8f9f-0e5d0e21be23,UNDŒ£ŒîD,44,https://drive.google.com/uc?export=view&id=1dUOxQjQU-xQ409LXqxFx-HMkKSruD0oK,553.63,0,,,Retired,
29416e8a-666c-459b-a56e-82979e6aa8fd,Lucky leprechauns,218,https://drive.google.com/uc?export=view&id=1zaro_KTGGYrA8sieL6olRM9-T_3NViZm,593.2769321,0,,,Disbanded,
29621711-d950-4903-a278-2e5b0dc19ca8,My Guild,157,,557.0115184,0,,1,Active,
2962b177-2efc-4df3-b9b6-1d58f31e0d80,Synergized Cookie,297,,587.5801573,0,,6,Active,
296644e3-c6a9-4f23-9bd9-71afdce4f095,BNB(BeersNoobsBoobs),278,https://drive.google.com/uc?export=view&id=1YeujskaC5t12r7mGDyMv0cDKqUD7Hxou,647.382631,0,,5,Active,60574
29ec5d6b-6121-47a2-8ffe-d090a1934b4f,NWO-Poseidon's Kiss,160,https://drive.google.com/uc?export=view&id=1KruxSYD4mG-3vgOTmSoJOw5gBdjj5tM_,712.8329892,0,,4,Active,
2a5ccb9d-1699-451e-8b2d-d4c27272bd21,CRG,104,https://drive.google.com/uc?export=view&id=1w6J1CaHaruCGMalJPj3RzPSCR63QnVvq,600,0,,,Unrated,
2ad32aef-3c22-4bb1-bd9c-5ef765941e34,kid king ‰∏≠Êñá Áé©ÂÆ∂,340,,588.7208845,0,,,Active,
2ad4ca5e-d08c-4840-950b-9f7b463de865,Stark,73,https://drive.google.com/uc?export=view&id=1qezpYWDBOHcPxt7JqtloeBbClYK0m2oP,587.159245,0,,,Retired,
2ad6b375-5d02-4e88-9489-8df79b950954,Red Bull,118,,595.2205184,0,,,Active,
2b7f7a33-9a2b-4240-9345-7e2d339a2517,ƒê≈Ç‚Ç≥‚Ñ¢ ƒê‚±§…Ü‚Ç≥‚Ç• ‚±†…Ü‚Ç≥‚Ç≤…Ñ…Ü,178,https://drive.google.com/uc?export=view&id=1PRo4x2P6155WfwRgaLTFTleK5wtbwqDg,614.5244119,0,,,Active,
2bf26bfb-21fb-43c3-8d07-475a1acad3c6,‰∏Ä Âøµ Ëº™Ëø¥,78,https://drive.google.com/uc?export=view&id=1qa9JbketROz24Znz-45Id3HcWvgmTvXW,672.7856132,0,,2,Active,
2c9b1052-8990-4c7c-ad1e-dbe603648c6e,The Forsaken,52,,584.9663189,0,,4,Active,
2cc128b4-1c07-47c5-906c-1e8fae9af926,Impaler Vikings,86,,572.9647083,0,,3,Active,
2ce7cd29-b671-4085-83db-1d5464a3511f,Loyal,389,https://drive.google.com/uc?export=view&id=1oKRM5VhUQHBz6f_BHEgE-SfVqnhFJf7l,639.3664498,0,,3,Active,
2ce9e0d9-317c-429c-ad0f-f5513e105af4,Revolted Caddies,228,,576.9994986,0,,,Active,
2d153439-2fe6-45ed-bc28-8add5ace7083,LEGIONER,226,,604.5667189,0,,,Active,
2d234922-b95e-4e29-85c3-ea7cbd64e08f,Legion Of Doom,42,https://drive.google.com/uc?export=view&id=1J1DKA73UjmL53ZMEjJP77GEXhxxNF7Ks,626.3505115,0,,3,Active,
2d366fa5-e7e9-46ad-9378-0171a58334bd,KoToR,339,,621.6878266,0,,,Active,
2d73388d-cf79-40f6-b142-f1aa01755ae1,ÊàÄÊÑõ Ëä±Âúí,78,https://drive.google.com/uc?export=view&id=1G9rpfurk1_t7hQov4cK2JlHJd162E8pN,553.3178174,0,,,Active,
2df0442f-2bc7-4582-9499-a72820c97914,Soul Reapers,288,https://drive.google.com/uc?export=view&id=1FxwhG_BmlmHMP41fcIc-ux2_E7Ry9ibn,609.6853982,0,,7,Active,
2df06f8a-2e93-4bb6-b9bb-2b147bbc5de0,Foxhounds,22,,608.2776343,0,,,Active,
2e087476-ab35-408f-9efc-d9a6ca3a0ddc,Uprising,37,,581.4437086,0,,4,Active,
2ee4021f-8e10-4ecd-9c9b-6aaecf9e7d67,The Company,185,https://drive.google.com/uc?export=view&id=1Z9Isi1hFT1wtRTGdOEy53u7Ebn6loC_S,581.4437086,0,,,Disbanded,83905663
2ffb4e71-84e1-430d-8a9f-ab22694d3d07,Andromeda,136,https://drive.google.com/uc?export=view&id=1ZbrQKE53r2uozNX2bx5cbojq5-Azld0Q,669.9246758,0,,8,Active,
300b666d-e749-4a64-9d25-93f282cda883,DreamKings,53,,571.3156737,0,,6,Active,
3072063d-4ed5-42f1-b91c-4b7c34edefbe,Lords of the Sith,296,https://drive.google.com/uc?export=view&id=13sDT2-IEQLGI82s8YG1UYqSfL_7xJyjw,615.2640986,0,,2,Active,
308dea1e-6b77-4af3-8b2b-a7d628b95e78,Blackhole,126,https://drive.google.com/uc?export=view&id=1jeLg4zp06uRvsi8ptxzG6DMItI7evc4K,654.7835793,0,,4,Active,
30a7b1de-dddc-4317-bed8-4198a05b70d2,TKG-jp„Äê Âçµ „Åã„Åë „ÅîÈ£Ø ÂêåÁõü „Äë,203,,575.5715418,0,,1,Active,
312cd7cc-0cb2-4521-830c-dd34d6168d3f,DARK HORSE 2,18,https://drive.google.com/uc?export=view&id=1n7wFDio0b9FsSH705NiLhgeVniZdNRa2,672.6607227,0,,1,Active,
3164e7e1-f7e5-41e9-a953-2136c1ace10a,Looking 4 Work,72,https://drive.google.com/uc?export=view&id=1GdRwS2RGQg-KQ3WxTTQlVJolincD2vXC,556.1376556,0,,4,Active,
3167cf2e-660d-43d6-b120-ade92c8cfc3b,End Game,328,https://drive.google.com/uc?export=view&id=1dmrqrAZHP4xLvtfX7VzQhRAJwTt9EgcV,591.79,0,,,Disbanded,
31b8e7f8-ae02-4b0c-8d4f-af1865faa39b,TimeShuttle,306,,566.8649882,0,,,Active,
31dba9f4-62ca-4dd5-b169-034bf21b89eb,Souls of Light,207,https://drive.google.com/uc?export=view&id=1A12bIeTcwOFgP2EwEPD7XZRNroloOv4j,554.7912729,0,,,Active,
323dfa04-1586-4056-bbba-ad158c28a9ed,Winter Wolves,75,,592.0653361,0,,6,Active,
325f3d35-9853-41cf-bbea-66ad65a3a602,Twisted chainS,226,,589.5577034,0,,6,Active,
32620aa7-5a17-4dd3-9922-02dc92924d66,The Last Order,46,https://drive.google.com/uc?export=view&id=1RkBj8iFSE3fqNQLBlRcoSnF4Sd0MUfZA,721.9611074,0,,2,Active,
3415eadf-3e73-45cb-8ccd-cbc9fae49fb7,„ÄêC/H/A/O/S/„Äë,154,,595.9147626,0,,2,Active,
3605d427-606b-449d-8042-56310d334198,Thunderdome,73,https://drive.google.com/uc?export=view&id=13Gii40HGWKnwe1z28MCPzHhBqG8tH53j,590.78,0,,,Retired,22315
36ac724f-7a1e-45e2-abe0-7b7306977b70,Chlorophylle,135,https://drive.google.com/uc?export=view&id=1YQf55Al_wwpuzgNASi6GYq3RrSphs3Wx,588.7056238,0,,4,Active,
37217822-def4-49ee-8262-8ee6edd57bc2,DREAM TEAM,73,,596.6721235,0,,3,Retired,43742
373c089b-b78f-490d-81f0-c53edd7c4900,Irr√©ductibleGaulois,135,https://drive.google.com/uc?export=view&id=1tpRNUTisaDVhI3YvYzmedF69cnCK5aKy,576.3922296,0,,,Active,
37ee018d-4bee-43c4-914e-c8744983bc4b,LandThieves,113,https://drive.google.com/uc?export=view&id=1O49zK-kzmdiI9j4RSeEKdXddjzAwvVLn,618.727999,0,,1,Active,
37fbb587-1d91-45db-98ff-76ab0eea6b4b,THŒ£ LIŒ©Œ†S DŒ£Œ†,107,https://drive.google.com/uc?export=view&id=1_tRJBxxq5XKfAl_7LCeseR4mq4XAv4gr,618.727999,0,,,Disbanded,
3814ffc3-b65c-4a0b-ad93-dbfea13100c5,Korean way,410,,599.4437947,0,,1,Active,
3940910b-e5ac-408f-9671-3fe515b203c4,House Stark,16,https://drive.google.com/uc?export=view&id=1aXQcpwSGbEE3DVrWATKL0RWQoweZpqSN,555.3392062,1,,3,Active,
39637287-325d-418d-a085-e1a0c9f9898b,Kronos,273,,592.7051916,0,,4,Active,78921
397773a2-c998-4f9c-b931-5930a22eceaa,Northern Dragons,124,https://drive.google.com/uc?export=view&id=1ELBjH7EKTBHmn2CF3dCqurzZBSQDG7qr,550.9402799,0,,3,Active,
3a074c61-9281-4cbf-a2bd-3e156051d48e,The Visitors,26,,588.0354625,0,,,Active,
3b5529d1-5f7f-46d7-91f9-56ebb4eb9d7f,Kamikaze,4,https://drive.google.com/uc?export=view&id=1AbjZX1j9wfqoQUTRCYPfn8zNFHzl9eRA,600.7482525,0,,3,Active,67115398
3b8df807-098b-48f6-b511-15b022ec5d7c,The Valkyrie Cry,229,,590.7673736,0,,2,Active,
3bb2196e-206d-451b-b4a9-b1222c527e3e,German Knights,106,,600.9562026,0,,6,Active,
3bfe424f-d4fe-4a5e-98a9-9283e4cffa5b,√únicorns √únited,200,https://drive.google.com/uc?export=view&id=1q5lcCeRe7OuKOaX76e9In9VYhIbWeuiE,596.2972134,0,,1,Active,
3ce3bf88-1544-4037-a0f2-7941f1a25589,Daybreakers,278,https://drive.google.com/uc?export=view&id=1ePfxV7SX1S_VBU6gEwzLm8XKyB3IAKLp,604.6528375,0,,,Retired,
3d577580-9fa4-4832-95e7-e12965ba52b1,Regulators,108,https://drive.google.com/uc?export=view&id=1-IGk4ilOHpLYDOvRIvFpm1-pQwrHRHxK,633.5923864,0,,5,Active,
3d6ebaf0-6c3e-475e-a54c-0fa000ebc64b,The Van,26,,589.4149266,0,,,Active,
3dcb2650-67d1-4c76-9117-ad725a10de29,Dark Aussie Kingdom,94,https://drive.google.com/uc?export=view&id=1cGhle81L9e4QmwSUoOu-exPkHlhpY7z0,602.2507993,0,,8,Active,
3dee0d2a-1143-4e85-abb4-60a092c94249,German Vikings,76,,570.9475216,0,,1,Active,
3e07f9bf-f523-4bda-91a7-105fddc51e11,Brazilian Forces,302,,567.0316851,0,,3,Active,
3e7da2d5-7ce1-4361-b80f-4d28e056981a,Einherjer,96,https://drive.google.com/uc?export=view&id=1nbhbEo8RpLRtu-oIxaFZhf1Dzlh2wYrk,642.5139269,0,,1,Active,
3f185ba4-a5d9-4b2c-9777-4f9ca1d05ecb,Armageddon,407,,604.1328736,0,,3,Active,
3fa44e36-c76a-4eb2-a664-3a28edcd5cd8,LA,129,,578.5503172,0,,4,Active,
3fbd2f3f-0df6-4eaa-aa46-76062c38568c,Closing Time,120,https://drive.google.com/uc?export=view&id=11KnMcjdYaNcxObjBBMGPZ8iWv7_6vNIk,697.0825997,0,,6,Active,
3ff0f40a-505a-4046-98b7-96db503e73c2,Wu Thong Clan,216,https://drive.google.com/uc?export=view&id=1v7qloRcQ1jQ12VD0hqMCtpMp9N8egvME,560.6400778,0,,,Active,54095
403cca36-6a05-40d7-a069-cd65f11c1660,Eagle Eyez,37,https://drive.google.com/uc?export=view&id=19jsVMnvKTAoT4raEEALUHG0hzmdPGRHR,604.7361461,0,,,Active,
40416b1e-774c-41e4-aef3-4bc7f24f57af,Parcimax,34,,570.3634161,0,,,Active,
4058fb0e-929a-464c-a666-ad2a921eb1e6,Darkside,257,,570.7077069,0,,,Active,
4059d409-d658-4aae-beb4-b69d15569664,Angry Beagles,118,,548.8060068,0,,,Active,
40feb0cc-7b15-4b6f-8802-b0d9395c2357,We Sure Win - Âãù„Å°Âèñ„Çå,297,,585.862286,0,,1,Active,
412fa8ff-6213-4738-b37d-a24ad9771642,RESILIENCE,110,,600.4683426,0,,3,Active,
4192b6c5-3aa5-4d1c-a704-9a505ab00b93,Bahamut Dragons,116,https://drive.google.com/uc?export=view&id=15tbt-LlJiHEux33RD-Zdh-dYCKc4gN4K,613.6451283,0,,8,Active,
41946c50-fbf0-435f-8aea-dbc77887fdad,Cavaliers,141,https://drive.google.com/uc?export=view&id=1PP_KUCi41lnEch7OCPDX2PZiJjPiVX8k,567.9595203,0,,,Active,
419ef938-3a96-4c38-b147-9620816cbbe8,D·¥Ä Ä·¥ã H·¥è Äs·¥á ¬≥,18,https://drive.google.com/uc?export=view&id=1TiUvePPl4cZ5O9h-kyq9M7o06f25ISPy,595.341124,0,,4,Active,
42072dc9-c548-40fd-94f6-334c60fe924c,Origin,170,https://drive.google.com/uc?export=view&id=1i8mdYh3Bi8wQ5QDw7r6_JDi_Canaiu0i,570.7499952,0,,1,Active,
42434078-3676-4a07-b3d6-895e84d6096b,Squid,77,https://drive.google.com/uc?export=view&id=1-53ekIvC7Th_rU5hk48Qij0uwoYV4hIh,591.9495921,0,,5,Active,
4259f69d-c325-4e13-9000-423e19166a58,Legendary Kraken,87,https://drive.google.com/uc?export=view&id=1I3--VMDMrIWAhWUdvwN4SChumeuSMucX,667.2815568,0,,4,Active,
427f0ff7-e265-447e-86f0-da32428354d6,ÂÖâÊòéÈ°∂Peak0fLight,325,https://drive.google.com/uc?export=view&id=12QXyWndo6honar0iJ5MPHfR-GOqTJrqj,573.0875613,0,,,Active,
4291f528-c1da-4fdd-bf01-6bfd8867c378,Vampire Kingdom,116,,594.9389158,0,,,Active,
42cb0c1d-5956-47fb-85e6-33e9beaed3ce,Golden Eagles,87,https://drive.google.com/uc?export=view&id=1d0acY6f_kXzD-q0xdy39VQZRNDP89vqK,567.7964653,0,,,Active,37288
42d05bcf-c665-4370-a2ef-30426bc9e3f4,League of Shadows,296,https://drive.google.com/uc?export=view&id=1R8JzUqZUqoiQdZoYN5okGtQRIHs5Ikr2,569.5729886,0,,2,Active,
42d46cb7-40ae-45bc-9374-7c2cff92da54,Berserkers,326,https://drive.google.com/uc?export=view&id=1-Td42DUaCkw6koIvL5ThGV18I6FCGD5g,565.5037,0,,5,Active,
43cd7ea1-d199-4fb7-85d1-e3f221f64e2d,œÇ·¥Ä Ä…¥·¥Ä…¢·¥á …™…¥œÇ,16,https://drive.google.com/uc?export=view&id=1gwsCYxES3lzyjshpMQgaMXFoqJ9aeWTx,761.2170219,31,,6,Active,
4451b3c8-330d-445c-b8ca-51e7845936cd,Brotherhood of PCG.,100,,586.7609174,0,,2,Active,
448726ee-df68-4f60-b9d0-39e2492b5a6f,Twist of Fate,106,https://drive.google.com/uc?export=view&id=1L-nXXjqLY8f-pNefwwoXPayyzs_dorey,579.625036,0,,,Active,
4495f713-ec40-4358-8c4d-b5c84e558890,B·¥ø·¥µ·¥≥·¥¥·µÄ H·¥º·¥øÀ¢·¥±,337,https://drive.google.com/uc?export=view&id=1I8veSiuuZZLlmi5-bapRxlDVxyu56huJ,598.2844339,0,,,Active,
44f25108-2fe5-48e1-a2fa-16830b388c19,You Got 86'ed,86,https://drive.google.com/uc?export=view&id=1fAoeQxjyeS-NorRo5qfcHbZ4tup4ABBo,653.5820383,0,,3,Active,
44f3c0b8-a528-4ecb-ad4f-4a45b7a76dcc,Neptune,322,,588.5069925,0,,3,Active,
4524abf0-91bb-4e8f-836b-d154f56a8869,Power House,89,https://drive.google.com/uc?export=view&id=1z6ttmIdMgfvZkVZeJ2t_3SwciCAZ91JF,804.4587412,16,,11,Active,
452f0976-55b9-487d-8354-c8ea512fecc7,Blazing Phoenix,131,https://drive.google.com/uc?export=view&id=1kbnyeRxPlF4ASH84t1AzAAQIq_H9ukh6,558.0027022,0,,6,Active,
458a626a-ca05-4f17-b28b-7fe4c23b7b36,FreeMason,318,,598.8431402,0,,6,Active,
45c71577-2f0c-443d-9ff2-f366850380c7,Dark Empire,201,,599.7592237,0,,3,Active,
461922a0-5743-4b78-b6cc-270dcde7e719,Myth,56,https://drive.google.com/uc?export=view&id=1YYT-8YvHR_HefMniQmTgctXwEbn211J8,643.1503199,0,,4,Active,
461bb35b-ce79-43e9-bf4d-b4b90c80b296,Tombstone,242,,587.584055,0,,4,Active,
46af9816-d92a-4f1f-974f-5f87ed82fa67,Shut Up!!!!,290,https://drive.google.com/uc?export=view&id=1Wx_pAT97SyxhjG0XTVchA9Zn1kXKSjFo,588.8,0,,,Disbanded,
46dbd2ef-fe9f-451f-a5fd-238ae72e3366,K.0,47,,593.2796663,0,,6,Active,
474e83fb-4a37-47cf-a2da-a08c32342681,FORCE XV,302,,585.0143389,0,,1,Active,
48c8ad7d-54b3-451f-94ac-45557d5f7082,Madness,334,,602.1381019,0,,3,Active,
48f47069-e1c6-4db8-9ca1-4059d9346470,Angels of Wrath,280,https://drive.google.com/uc?export=view&id=11xgr2l2KPkpGvYDiyxrhSZTW3G8yNZ_y,576.6031845,0,,3,Active,
49631971-8a5e-45f7-a73f-597b24449012,Prestige Worldwide,233,https://drive.google.com/uc?export=view&id=15mXjcQuxzrdKjj2kL8Du1k0p9j-oiqk-,624.6023875,0,,3,Active,
49738d6b-2e8a-4885-b2e7-9e6026ef0d6b,Sparty,300,https://drive.google.com/uc?export=view&id=119tbNEyPJ6B4EimAlsuNaf18ahICnTC4,671.8014816,0,,3,Active,
4994c2a9-1fe5-4377-af55-812b801d78dc,Hero‚Äôs Guild,103,https://drive.google.com/uc?export=view&id=1Q7Es2EFJCe5n1rIqG6LzurJctGqXFcCx,671.8014816,0,,,Disbanded,67113894
499a54fa-6a3f-4f35-8995-1c25b5197120,CCCP,80,,561.3023877,0,,,Active,
49f07591-9f28-423f-b696-06107fad6db2,Spare Parts,184,https://drive.google.com/uc?export=view&id=1Heu3d6gPSZ969J8CLXmvYBI2ELxwNshu,640.8515026,0,,4,Active,42593
4a2af613-6f34-41fe-b238-3709c76c90dc,Aesir,120,https://drive.google.com/uc?export=view&id=1fnOg9Iil8KOZx9Tioxb7kH0w6pdFv5Fa,724.3675576,0,,1,Active,
4b4b10fc-85c9-4904-b587-f43eeddc2213,Ëä±Ë®ÄÂ∑ßË™û,78,,585.4932664,0,,4,Active,
4b7511c9-31da-4ef5-b8c3-6f0a9960990a,Â≤¨„ÅÆÂ∞è„Åï„Å™Ë®∫ÁôÇÊâÄ,386,,597.3489177,0,,3,Active,
4b949681-f4f2-4276-991c-bb0a2844a073,Handsome Valor,43,https://drive.google.com/uc?export=view&id=11ScSR2DqyqFfYvcMppvASEVEqV4Dy4t5,709.186946,19,,,Active,19
4bc836ca-a9f1-4fb2-9b5c-a96e51db8c6b,Devil's Blood,86,https://drive.google.com/uc?export=view&id=1HT2HJ8W59nAcwpUHgwqWQna2lLHCsMZ_,658.8127014,0,,5,Active,26732
4be95603-8c99-4ec1-a196-06aa83499945,Direwolf Guard,200,,603.2224504,0,,4,Active,
4c12c1be-df63-4cfa-873b-b0e315e37182,Soul Fighters,38,https://drive.google.com/uc?export=view&id=1_hNW79TCPY1kKbJvcvkHlCBMPCtTAEA8,551.0150664,0,,6,Active,
4c773d86-ac52-49f6-bda0-fcf1f1d56bfe,Jedi Tavern,100,https://drive.google.com/uc?export=view&id=1YTDv8lJTjmnnZwLhtgKYWo9kNU50qRRS,598.6322306,0,,4,Active,
4c8d192c-390e-4475-a398-af3bd77d948f,Hƒò≈Å≈Å,107,,606.2210072,0,,4,Active,
4ca5bd59-a177-4e73-8307-5b0baee9df4e,Legends of Valhalla,387,,600.1165922,0,,6,Active,
4cb6261b-e137-4e81-961f-2877c7c2daa2,Requiem,107,https://drive.google.com/uc?export=view&id=1si4AoAYmWwPV4PXkOM1HiIeQlpIG5aah,584.492666,0,,4,Active,
4de8fccd-cb6c-4884-b2cd-7773bcc1f5e6,Alpha,178,,604.653288,0,,,Active,
4ecac912-5ee4-4d95-8e13-5ed07eec3b0a,Hell,213,https://drive.google.com/uc?export=view&id=1TYHlXr9oLiZoidSGcrz4rm_qgxX3unSW,662.7773407,0,,4,Active,
4f1d0ddd-e20c-4c4c-93a2-1c868f9873d4,Nausica√§,108,https://drive.google.com/uc?export=view&id=1BxlQ8L8vFkYJV6Iy9LFWATL7pIY9AdX7,573.7486459,0,,4,Active,
4f4c6241-879b-4a6c-976a-6cfb77f89b18,Guys from Barracks,241,https://drive.google.com/uc?export=view&id=1gga2BrRLnMPU7pe0vGQIsuE0miwh7NDg,550.1495321,0,,1,Active,85890
4fe55d89-d6da-4600-9020-85026ae1f638,Prestige,170,https://drive.google.com/uc?export=view&id=17Rqj9wo_ty4o3FoZg34llX6izN8GDzwP,584.8462603,0,,3,Active,
502be28f-1da1-4a12-81a8-6793d3ce8f5e,Revolution,292,https://drive.google.com/uc?export=view&id=17oDanZXamjNCfksdemEqf3C_eq5dCTNs,600.7982384,0,,,Active,
50d80788-1a91-4bf6-af0a-ca57ae92e0ba,Áæ§ÈæçÊúÉDC II,256,,558.8874965,0,,,Active,83901619
516503e1-2e42-4fb3-b338-431ab3fec301,SyringaPersica,322,,582.46,0,,,Disbanded,
5166db43-2e71-4758-be98-cd14400d51c1,Rise,47,https://drive.google.com/uc?export=view&id=13wqht8kJB8PvV3S1ppoZfnc05YM7LD_m,558.0760986,0,,,Active,12090
5204cf9d-76f0-42ad-b1d9-7cd240eec92f,BerserkerZ,59,,582.2219484,0,,,Active,
5273f7a9-8582-42a9-964e-68530c9f20d4,Soul Collective,128,https://drive.google.com/uc?export=view&id=1Aeb_4Jw3GuZZ5BKhxoBnfuR7dIylcAcC,652.1204423,0,,,Disbanded,
52bfa151-69ff-4e9a-9c48-0c04f7358201,Reforged Maximal,71,https://drive.google.com/uc?export=view&id=19YE6Fq945dN-80TidYcrxcZnLp4jcoPY,684.9385852,0,,9,Active,
52cafbf9-de4b-46bf-bb4f-0fe5ec977e2e,Heroes of Winterfell,40,,595.7634804,0,,,Active,
531721c1-656b-41c7-80eb-583d79fc6b03,Stormcloaks,149,,556.1111691,0,,1,Active,
5351173e-4c33-4dce-9667-12145187c5b9,GAIA [QE],177,https://drive.google.com/uc?export=view&id=1t1t2wo4yuNNFoK9W-dVPML7lGH697Ssa,542.0503148,0,,6,Active,
53b3ea51-d4f1-4717-a2a8-ae9bd7bf6c8a,Phoenix Reborn,99,https://drive.google.com/uc?export=view&id=1wpVC6I02zCZPplBjVzxwdoVuUpbU47Pl,606.4752359,0,,4,Active,
53c8107a-5dec-4057-a52a-3636295a3803,The Illuminati,29,,582.8047871,0,,,Active,
5418cb81-32a2-4ac3-9f64-576eb1282679,Knights of Junco,305,https://drive.google.com/uc?export=view&id=1yEwGzYi56n1-IpRAq7ekQqSpT7gLalis,664.5225135,0,,,Active,
54406a26-af6d-4fed-9db3-66457add75f0,œâŒπŒæŒ∫ŒµŒ¥ œÇœÉ–ºœÅŒ±–∏—É,294,https://drive.google.com/uc?export=view&id=1p17T-0wvlvekWd8BdHcCYFIsMkL5RlYU,650.7802349,0,,3,Active,
54662972-af29-4178-bfb1-a43a731a1567,PantheoN Phoenix,251,https://drive.google.com/uc?export=view&id=1Q84Stfbe1HMNjYIE8Wd6nwV0RcvQOrdG,704.18636,0,,2,Active,
54a881e6-d39d-4595-961e-d059e7960065,Phoenix Rising,146,,588.7678734,0,,6,Active,84277
557a4dce-98f8-4282-a835-718ed00e8edf,NAG,289,https://drive.google.com/uc?export=view&id=1eJ9YCzT-YEkc2zv8DCxpXPqk0liW71Sc,609.2941987,0,,6,Active,49729
55996f52-a90a-40c7-9454-a4e500423f7d,The Pack,114,,585.179122,0,,5,Active,29159
55e01082-c1e7-4382-9216-b29145e7f3af,KNIGHTS OF NEE,304,,582.1014147,0,,1,Active,
56139313-e928-4b67-90eb-dd520a53c81c,Couch Ninjas,304,,603.7138717,0,,3,Active,
564e8762-ce0b-4b4a-a159-628ba0b8e36f,Infernum,355,,583.9235893,0,,,Active,
57020bce-5c38-40b9-bfe1-041778f80c7c,„ÄåÍÉÖÍçüÍííÍíí'Íåó √ó ÍÖèÍã™ÍçèÍìÑÍÉÖ„Äç,80,https://drive.google.com/uc?export=view&id=1OD0VSgB5Ggx0oQ4OXwOabr0n072bC8W1,642.3022336,0,,2,Active,
575165c1-5a09-4d2f-b177-a1b9e9e5b8ef,The Last Unicorn,32,,600,0,,,Unrated,
57776cc4-3322-482f-9191-01b9c01bad22,Bastion,6,,583.8798089,0,,,Active,
57d34bd7-e387-4843-9216-dbb0f3c7cb2a,Âè∞ÁÅ£Taiwan &ËèØ‰∫∫ÂÖ¨ÊúÉÂàÜÊúÉ,254,,633.4195253,0,,7,Active,
582f20e7-dd90-4dd4-9878-1787982b3859,New Order,116,,583.5301929,0,,,Active,
583b2ec3-9a6c-49cc-a71f-62f9b9403662,Happy Heroes,204,,596.5145401,0,,,Active,33679
587c8d0d-ffc2-4af0-9249-929673b0369d,"D≈´kƒì≈û, DƒÅ»õ –©“ª”©!",76,https://drive.google.com/uc?export=view&id=1nuervtRsJdEgBSnhKsJwyKutofIKvxsW,634.7242989,0,,,Active,
5951acd7-1f93-4e66-8065-544d119ba50c,Lost Heroes,232,https://drive.google.com/uc?export=view&id=1F0E0eTs_LdVblBFyIz5kYQP0aZMNdzTs,623.1563384,0,,4,Active,
59c38121-0d38-45bf-9d7f-e8e5f25d4de4,–Ñ“≥„äâ…ñ äs¬≤,60,https://drive.google.com/uc?export=view&id=1NhVN1QqqLR68TVgCFgrXF3lUvsahZbHa,623.8333834,0,,6,Active,
59d6f7d5-fb74-4fb4-b923-e0d3dda7b084,NWO - illuminati,160,https://drive.google.com/uc?export=view&id=1TpZiIULL0BlyHqSmM7WZlbQmD4GRVQ00,627.4697064,0,,2,Active,83896615
5a322308-885b-4dca-8a60-f4cfb78b4020,Asgard,116,https://drive.google.com/uc?export=view&id=1-jrUJuiUFJSyigXnHOFkVcg0lwApEStq,654.8536469,0,,6,Active,
5a4d11c2-4070-46df-be95-d96a0770e803,‚±§≈Çƒê…Ü‚±§‚Ç¥ √ò‚Ç¶ ‚ÇÆ‚±ß…Ü ‚Ç¥‚ÇÆ√ò‚±§‚Ç•,154,,596.4666247,0,,4,Active,
5a5e56a5-a4f1-4a83-ab69-b7474e79d821,This Is The Way,323,,591.4945675,0,,,Active,
5a9cfe83-57ed-4f9b-9792-c013a1a8db03,Brotherhood,343,,598.358456,0,,2,Active,
5abc7305-4778-4c1c-a1b6-2a64584df5fd,Risen Angels,271,https://drive.google.com/uc?export=view&id=1J3ODfS9j1y2YQQbZgPF2hnEYOSNsB9_p,570.0741996,0,,5,Active,
5b08f19a-5b6e-44da-a662-0072a1ed9acc,√ñsterreich,182,,623.6689999,0,,2,Active,
5b0d29ce-d814-4f14-b31a-9ab24877c4e0,Spartan Assassins,120,https://drive.google.com/uc?export=view&id=1T-P2MA3kOZd2cDoAGZ8Xs0GHgdpASv_f,601.2978571,0,,2,Active,
5b4588e0-225c-46d1-a61d-62875813656f,The Pirate Ship,50,https://drive.google.com/uc?export=view&id=1757AYc0NLEbvsX2TnObwnJGzVMv4XDq4,544.1233571,0,,4,Active,
5ba26027-ad75-440d-abd1-c0d1eff214e9,Myrmidons,117,https://drive.google.com/uc?export=view&id=1Y3ooVcPiXaiaKpKWByxoSaAxrcOZrVjd,665.1043999,0,,1,Disbanded,
5c0ddb16-107b-4762-98de-ef4791e2ece0,Red Bullz,88,https://drive.google.com/uc?export=view&id=1uctd3fQhNo_ev43b49A8X8TLWBNxU015,589.470856,0,,,Active,
5c6d6091-966e-4aab-a0f9-a1496ecc091e,united,251,,567.0471445,0,,1,Active,94848
5cc91ee5-f26a-48da-b239-1393e4d43e7f,Enigma,59,https://drive.google.com/uc?export=view&id=11bV5-JqWtXRfcDo-PHGF0SkQ1OZBVDuK,742.0611483,1,,7,Active,
5d1602ff-19d5-4b01-aa48-19bfb4c297b2,Integral,128,,618.7623248,0,,5,Active,
5d49b534-c8f2-4f56-b2df-5dad8b4c9e9d,Revenge,111,https://drive.google.com/uc?export=view&id=1oG4Z8a4_3-f2YjxIDdpDaVw88T7Vq3EO,602.8006552,0,,1,Active,10973
5d5f5731-c2f1-468b-ac1a-8e68238aa62d,The Immortals,261,https://drive.google.com/uc?export=view&id=1693yzKIUTm9AiZ0ScO2mxanWb-mKZLTy,581.108617,0,,2,Active,83892868
5e9fa114-c3de-421a-95c1-1e9b073ddc51,Arcane Brotherhood,136,https://drive.google.com/uc?export=view&id=1NYJ07d06ySV6s8mGeBXZ9xU59Tk54fCU,591.69,0,,,Disbanded,
5eb54e15-20e7-4a63-b1fa-0c15619bb6e3,ÌïúÍµ≠Í∏∏Îìú,375,,596.9467191,0,,,Active,
5ebd2f79-2b7e-43ab-975c-e0dcf77100e8,H√©ritiers d'Octopus,72,https://drive.google.com/uc?export=view&id=1y3u0APsTuUFtzxzHUMml5QuWbZQMu_nE,572.73,0,,,Disbanded,
5ed79751-dbef-4b5c-8177-57701dda7901,Dreadnought,55,https://drive.google.com/uc?export=view&id=18u8BaUql-YLih8Ea6hrPojpoIcbMp-A3,599.3788397,0,,5,Active,
5fe69453-acb4-4856-be0b-f3d0f153c3cf,Omega Requiem,107,https://drive.google.com/uc?export=view&id=1T-qEjj_eAMAzC6KO6eAGsi-NFAxdCWpe,566.9281637,0,,2,Active,
5fe9de31-4ebc-4e9a-bc0d-25bbf8623654,Genesis,142,https://drive.google.com/uc?export=view&id=1mQXTEW-SsdKgAyBiW80dbFeFH38yPiwc,596.5648068,0,,3,Active,
61d09a0c-a6f9-4cdc-9ccd-ee097019e98d,PARABELLUM,126,https://drive.google.com/uc?export=view&id=1eBeAAFIkoVQws1sTJeeXcyRacYJude5i,607.2567658,0,,,Active,
6221a0c8-9cda-4247-9e8e-f8e8966715cd,Êµ∑Ê¥ãÂ∏ùÂúã,270,,601.8674519,0,,2,Active,
6376da9a-8eae-40c9-8fc6-02e60bbebc35,I…≥ ÇŒ±…≥Œπ∆ö·Éß,334,https://drive.google.com/uc?export=view&id=1NC7nV1TeXRNd7N2jFX0478GIfRdUSp4_,592.66,0,,,Retired,
63f66247-8b76-4909-ac45-21183014f138,Dragon fighters,274,,569.7093714,0,,6,Active,
6460c1ce-ac27-4b72-b296-d99397ea412d,B2B1337,196,,576.8122633,0,,,Active,
64c17e8b-81a5-4d9e-a6bc-ffa070bc4f3b,Germany United,74,https://drive.google.com/uc?export=view&id=1Uq_yKxeptWFZgelpz-HWkiQZEc4qIecR,561.8831521,0,,1,Active,110428
65041895-2e80-4f12-b9aa-02bc5816c523,"RonaDays""ScrapYard""",300,,589.5620641,0,,6,Active,
6564213a-c78a-490c-b295-99ff452c0494,GERMAN HEROES,123,,589.8715282,0,,,Active,
65837458-9693-47ba-9169-0224070718bc,Dragon's Storm,44,https://drive.google.com/uc?export=view&id=1J9efZ40JTwABSZsGu_k12809RHsxYUyo,681.0572965,2,,2,Active,117143
65b0e189-9c34-48b0-9a5d-291dbfb93fb4,Integrity,229,,587.0208377,0,,,Active,
6634db5e-c9e5-459e-ad2b-65cebc27929d,Spectral Alliance,50,https://drive.google.com/uc?export=view&id=1AjoK9fzOFkpgf2kS_zVdep1l7i9A8ACm,566.2028813,0,,6,Active,70404
66ac72e6-d669-4399-94c1-57b602f0c1a2,Âπ≥Âá°ÁîüÊ¥ª Joy Life,300,https://drive.google.com/uc?export=view&id=1c5x9eUxBWLpiYDZG_LQTigC0QYy3QQCK,770.9637942,4,üëë,3,Active,
66bad528-6fa1-4eec-8351-e64a5587a87f,Yolo,41,https://drive.google.com/uc?export=view&id=1jr1BbnMFM0AwCwVrWzA1MuD-479y7HDJ,585.5969896,0,,3,Active,
66c61cfb-5409-414b-bce0-2437ded83cab,Chapeau melon,28,https://drive.google.com/uc?export=view&id=1WusPH3TbbjcQmPiBNzko8DcUcEhG9F3x,686.2270725,8,,3,Active,
679cc0a4-5b61-40b9-b91e-b179607eded1,Throne of Champions,345,https://drive.google.com/uc?export=view&id=1ztRpuknzXHs9zfIKV00lR5h8wKzRwxxL,641.5408856,0,,,Active,
6808bfea-3fff-4cdc-8247-1fa34f2ddfba,Berzerkers,131,https://drive.google.com/uc?export=view&id=1F7iNrrxECpyudYZoBHh5tZoyAe3ybUyw,612.3669171,0,,1,Active,
686a09a4-b267-48a6-8859-0c90ca92bd37,Dirty Dunkers,140,,573.5571855,0,,2,Active,33072
688db915-bc98-4227-a2d7-3ca9b163c5f2,Game of Heroes,20,https://drive.google.com/uc?export=view&id=1d4M88DjHjGW4HkyWXHF8Wen1Z-X2SWAV,617.7455111,0,,3,Active,
68b16447-fa2c-4bac-8b37-1b6b7605a647,House Of War,50,https://drive.google.com/uc?export=view&id=1JVZOj4jIgWLgtAqnJlIKARY5mMx_Ngtv,691.4453374,1,,6,Active,
6914138a-5afc-4539-b8bf-066ca5659d84,QUARANTINE BANDITS,299,,604.6101714,0,,,Active,
692d6119-7808-416c-9d6e-afe3bd2f012d,NATTMARA,110,https://drive.google.com/uc?export=view&id=146LgOd5hvmnz4TvkrUt6h1adxBL5-UO3,644.0067483,0,,2,Active,
6962c73b-fd7b-4967-9ea2-b87f4b6e594d,Raydenforces,131,,589.75,0,,,Retired,8868
69801785-d685-4b49-9f62-4f6fb2a9a84b,BTI ld,229,,588.5190796,0,,,Active,
6a888376-12da-4126-82b7-0deb8d092f21,The Immigrants,189,https://drive.google.com/uc?export=view&id=1uXiNHz22yc_PtIUM0irirEEsP_tiwr4u,594.2993005,0,,1,Active,
6a909bfc-39e1-4054-9840-d59d54553a19,Knights Who Say Ni,154,https://drive.google.com/uc?export=view&id=1JyckJPb9qUyJmD02excwqVIsz-jGF38l,590.617195,0,,,Active,
6b413d22-6f18-436b-b691-163161728e12,CELESTIAL KNIGHTS,263,,586.4367233,0,,,Active,47363
6b4d557f-0501-4ecf-9582-785d2c146b26,Quvox,118,,594.0894176,0,,2,Active,
6b7a4b64-e3fc-46d0-bc9c-89112960df44,Oracles of Chaos,123,,567.2062445,0,,5,Active,
6c2b241b-5a72-4e21-8624-db945900dd3a,Despicable Minions,51,https://drive.google.com/uc?export=view&id=1BlwijrfIIfZgx5kIfpHxsg-q3pizktnn,585.9429292,0,,3,Active,
6c7cfbef-9b01-4400-ae33-8431e9fd19a5,W√∂lfe des Lichts,103,https://drive.google.com/uc?export=view&id=1_rTPoJlkaqrmcZZ1k5WNwZhYQCu0-Iw3,566.7212954,0,,4,Active,
6ca770c4-61b4-41ec-87b6-5401d1581f06,Rising Phoenix!,143,https://drive.google.com/uc?export=view&id=1RQQozhWXRL4dUOSYG_wl46fcdcIpYOXY,579.2860346,0,,,Active,
6d24cd07-eef6-4479-8646-419178b453c0,Can't Counter,74,https://drive.google.com/uc?export=view&id=1jOaCrPvnKBGgPoT47Sm-tKQPHdI-6faS,775.01,5,,,Disbanded,
6d764a20-a04c-43d3-be26-a6e71f99da32,Brotherhood,251,https://drive.google.com/uc?export=view&id=1HzMjNuiyyQcl4Z89VJSRjALLDPyJytFI,557.4660384,0,,,Disbanded,
6e0c5df3-2ea6-4ea6-ac32-f443909c2d1d,Inglourious unicorns,94,,616.3927861,0,,6,Active,
6e52edec-b82b-4ebc-b4a5-07533eca3344,Killing You,29,,601.7943923,0,,,Active,
6efa0788-f441-4252-abb9-6e9125f37fb7,Dastoriten,381,https://drive.google.com/uc?export=view&id=15cl0-Sax_w7QU8xX0gfx6sw7KnzR0KMI,587.95,0,,,Disbanded,
6f132550-b68f-4531-bd6a-dbf347e12beb,„Å∑„Çä„Å∑„Çä Â∏ùÂõΩ,373,,572.3966878,0,,3,Active,
6f3477b4-2bc9-41f7-b49f-d301dc8c47f4,Fire Wolves,170,https://drive.google.com/uc?export=view&id=1-ZTlYpe_8hjqpqRmofAuSM8jDdfJGlVi,643.6798401,0,,4,Active,
700025dd-4762-492d-ae7c-c803ec741d90,ƒê…Ü‚±§ V…Ü‚±§‡∏ø‚Ç≥‚Ç¶ƒê,106,https://drive.google.com/uc?export=view&id=1oktWBkTKot8bhpCpgDlIjCVWToILTElh,693.855354,1,,2,Active,
704ce093-ee58-4e64-8fed-3ac0b6084429,Nip Slip,32,,572.5903779,0,,6,Active,
70643688-8b38-4efd-8fe2-3b62bed32a1f,Afterparty,120,,607.7083003,0,,,Active,67110212
70ec0d0e-71b7-4cda-bf23-d83cc0e234a3,BierGuardians,314,https://drive.google.com/uc?export=view&id=1lIlU5wMFEDv_yuFL8EfGDLPhcajmqfl1,577.5611908,0,,3,Active,
70ef8a2e-f7d3-4e80-8649-54687d73a138,Kittens & Babies,384,,550.5370706,0,,,Active,
70f14fb2-c61c-4987-ae6f-ad8a3401c7eb,TeamSpiritÂúòÈöäÁ≤æÁ•û,249,,586.0543592,0,,,Active,
70f2edc3-d465-4e97-8ca1-1d0fc0109297,Legends,274,,583.559039,0,,,Active,
70f9a289-8417-4148-b8ea-dbe84e7cc295,Happy Hour,120,https://drive.google.com/uc?export=view&id=1NgrbPJtw-CtjNBoY-SL55T_941YKQXiG,815.6073876,17,,5,Active,
7105df93-d109-4b26-bcc2-427dc3d6b3f9,{FÃ¥ÃâÃõSÃ¥ÕÜÃàUÃ∏ÕÇÃÉ},281,https://drive.google.com/uc?export=view&id=1NAyrLQ4gaSYb6VfGXZTbG0F0N9xZzmnE,674.5526748,0,,,Active,
717ec470-d14b-47d9-ad9e-6a8cdc2f1af1,Immortal friends,314,https://drive.google.com/uc?export=view&id=1lElNB388QSj9IGkiw2P0zGGTcwCI-6vM,573.38,0,,,Disbanded,
718b8f29-ce5a-4290-8af7-3a8f0d7fff0d,Pantheon,85,https://drive.google.com/uc?export=view&id=1Z1a_UvdjlX_AwyjnYM2RV3StS4WXcQh2,616.6266965,0,,,Active,
7254e9a7-5af9-4d91-a7c4-a3aec3b7730b,NaVi,261,,581.7778371,0,,,Disbanded,
725df885-6ef1-4b2f-9d44-e5112debad2d,OldFarts,53,https://drive.google.com/uc?export=view&id=14aQ5Drbcc02UFgLmWSO78nOOgrj8d-DI,574.37,0,,,Disbanded,67109784
731545b4-f502-4578-9382-637fedb94066,Champions,224,,607.3255811,0,,,Active,
731c7634-2755-4443-930e-92c1ab80fe0a,Chaddy Shack,148,https://drive.google.com/uc?export=view&id=1L7sLcrmJZCerzqi1qYLYHh1DRr_XgG_u,594.91,0,,,Disbanded,
740483f4-c290-437b-bc58-50a2e9dce660,Redemption,293,,563.6145449,0,,3,Active,
741c6896-7f51-41f4-a800-accefa8547e5,WaRRioRs Of MoRdoR,313,https://drive.google.com/uc?export=view&id=1gfXtBHNop_3deX6jzPsMnkWiOdkUK3Xt,575.9995873,0,,,Active,
744f2f45-8f96-420f-a94d-f249d6cfa796,Êãø‰ºØ Èö± Âü∫Â∫ï,253,,583.9705934,0,,,Active,
74db11ba-a3cc-400d-be9f-fd3162153239,Kraken,171,,588.672607,0,,3,Active,
758dcce0-d13b-4da9-b1c7-cad417150beb,Suicide Squad,174,,606.9709698,0,,3,Active,
7643ef0d-8243-48bd-8614-7dd3a324f750,Kaged Killaz,153,https://drive.google.com/uc?export=view&id=1SHPzU8nylZDuYZFmcrE3b2M3ySeuTuDr,611.4572971,0,,7,Active,
76e34d24-d60f-4a18-8420-3bd8e2ef0caa,OpenSource-THB,222,https://drive.google.com/uc?export=view&id=1aAR0IqO1I2PPoMTYE05EJQwsBj6Ir39q,604.0305428,0,,,Active,
7728a17e-f66e-4dcb-a4bc-01527387d921,Chosen of Wakanda,135,https://drive.google.com/uc?export=view&id=1ACIRMr4-1AhDDnPAC8qre0H9UKSiR_--,594.1185859,0,,,Active,
77478af2-2804-4500-b646-33ed174de806,Bloodbath & Beyond,136,https://drive.google.com/uc?export=view&id=1AES-V72xyltLTc29vf2cgUF9ACmHszzp,713.1803128,1,,7,Active,
77659f4f-a99d-43f4-a22f-edc3d8f61d57,United Front,110,https://drive.google.com/uc?export=view&id=1lV77E7VXbLU1WzmJm3fzb69QYIh6I8st,590.1767699,0,,4,Active,
77a39386-598a-434f-87f9-6b6dbc4e7530,Ê≠°Ëøé ÂÖâËá®,317,https://drive.google.com/uc?export=view&id=1rtXv8NwNyIcIrajy44O3mrhu46_WGFwk,593.4015451,0,,4,Active,
77eb3a6c-e5bd-402a-a67a-7c79a3daa2ed,HwaRang,201,https://drive.google.com/uc?export=view&id=1bZqo6tHQXWQge6m0usaZlvZOqvvdmeQh,789.8646975,7,,4,Active,
7807779e-2bd4-4570-9fdf-2d3952f9a2c1,Facbellum,107,https://drive.google.com/uc?export=view&id=11xY8LU-TQ0gAelLXNPjKbIhEKh0keAGE,605.2747025,1,,2,Active,
780e0d5e-3fb7-4e57-8ff6-2f823636fb56,DragonWarriors,106,,598.7403554,0,,,Active,
782726d3-54be-4f6f-88fb-add6da0ea947,Create Team,248,https://drive.google.com/uc?export=view&id=1RN4p3wGaWaC1FX0BD8T0VlhWlc0J50yP,654.5533547,0,,6,Active,
78365b46-8531-480a-88ce-35e1f33ca4b4,The Lords of Dark,106,https://drive.google.com/uc?export=view&id=1PtoVihLNMewPmJMBrckQCqs2YX7qxGaP,582.4973196,0,,4,Active,
783d11e3-a3bb-4ec0-a44a-b30544f3f4ad,Devil's Crib,310,https://drive.google.com/uc?export=view&id=1lmj8Z_p90F-CDbHLj2O7Kr_5dqrKzghz,574.5443131,0,,2,Active,
79212a0c-e959-4695-af05-b5c732438898,KoToR,20,https://drive.google.com/uc?export=view&id=1Jb-JpRysGw3eIHUaSLDcqRWt-oGjXmzw,584.2212362,0,,,Active,
79593df7-d029-42f4-9a3c-f745e8839c56,Knights Templar,271,https://drive.google.com/uc?export=view&id=1Sj2m_gmAlMCMf_eEpMiG4sZ6BcBHZtW9,613.7716122,0,,7,Active,
795ea24a-a7cf-4cf9-ab8f-0a935028504f,Nuke,99,,533.7391077,0,,1,Active,83900572
798c78c3-f124-46af-8092-3062d0cf0552,J·¥è·¥ã…õrs & To·¥ã…õrs,114,,590.77037,0,,,Active,
7996ea95-e8d4-4ca2-9829-2bd0b0905c0d,Heroes,373,https://drive.google.com/uc?export=view&id=1xLkAjf3LZ5n6i2Bmf4-drl5vL48waLoH,634.5208561,0,,8,Active,
79d2157e-1cf9-45a9-afd7-b28b46285b8d,TopKor,348,https://drive.google.com/uc?export=view&id=1FJFFWtNx3geGMQt-bpC1iO8SeExRJTjj,690.0621164,0,,8,Active,
79fc9315-b94d-4f25-b87c-01cc6b9a7017,We Are Legion,53,,601.0465009,0,,2,Active,
7a1b7c2b-03ae-4a48-ada0-f6bdcb847b7d,Viet Nam Vo Dich,198,,600.7774032,0,,6,Active,43155
7a26a79f-2b27-47b9-ae5c-67e8de2523a3,shadows,234,https://drive.google.com/uc?export=view&id=1u9bJb0QNkrmOpwAso8qhuihiW4KLCaxw,588.9669898,0,,3,Active,
7a319560-996a-4cc9-a9de-b879d0da3628,Bottes de cuir,28,https://drive.google.com/uc?export=view&id=10ndYISczXM74kNCYy6x1txUd6dLcY3gH,553.7430972,0,,,Active,
7aa49a5f-cf68-4d7e-a1ee-24b0fe7bf7d4,Trinity,37,,586.0917871,0,,2,Active,
7b56a23c-2865-4f38-9139-7f4d9d8f3daa,Guild Warriors,194,,579.8320286,0,,,Active,
7b6c40ba-b633-4fae-99b7-0027940d4596,nope,242,https://drive.google.com/uc?export=view&id=1YRpd9nqzPtOV5IxdNXsAYzCgZb-5lGrw,607.1772925,0,,5,Active,
7b7ab21d-ecf1-4378-8cdc-0e535f22d249,DarkSiders,247,,569.665256,0,,3,Active,
7ba7ea1a-b70c-403f-a433-976dfcef45b4,‚òÜAvengers: I.W.,300,https://drive.google.com/uc?export=view&id=1xX8EQbfHCNuibSoSHX7_xv90xWDPwwpo,551.92,0,,,Retired,
7ba8e88d-362e-4933-acb7-1c3a25f5b21f,Maple Army,381,,587.4448338,0,,3,Active,
7bc6b106-0983-4017-98bb-b96b30b5b020,Suicide Kings,369,,593.5631501,0,,1,Active,
7bfd9baf-8b41-4aa3-86f0-c4d37972b320,‰∏≠ÂõΩÈæôÁªÑ,247,,614.3295668,0,,,Active,
7c085a9e-f539-4f15-84d4-b03a4566861d,Elite Few,129,https://drive.google.com/uc?export=view&id=1ThwlSh7pZpkLMbv6v3_N0SBLF8ry6a8Z,614.3295668,0,,,Disbanded,118357
7c2b52c6-8f4b-4042-894b-b0e538451833,Galaxy,163,,604.31,0,,,Disbanded,
7c2ebc4d-cded-41b2-9d5c-6e604232aee7,Neo Hertans,222,https://drive.google.com/uc?export=view&id=1Dl2AfiR6rFLHqc2cq5CKck1cHqN-Odne,778.0129898,5,,7,Active,67109818
7c58f017-24e9-4e4e-8d7a-bbe6b8029f0e,Hexagone Alpha,196,,603.5328278,0,,6,Active,
7c9f84f2-0c14-4a84-9f02-bed5bb4d2a70,Storm,41,,564.0346247,0,,5,Active,
7d8c800e-5c2e-4e0f-b210-0b47127490ae,CHAOS,2,https://drive.google.com/uc?export=view&id=1IlDlFGMkYB3Oe2OaCZa_AoCbZAT0qOJq,796.7848401,6,üëë,2,Active,
7dab52bc-04ce-44de-bd16-5371dd521383,Whips N' chainS,226,https://drive.google.com/uc?export=view&id=1-6mlS0WQ0bYeT3RULGq10w9usto-4o5l,606.2672371,0,,3,Active,46708
7ddddb54-2db3-4d58-a057-ea5d1b00dd99,Glob@l fighter,28,https://drive.google.com/uc?export=view&id=16Iw4z_7ZYrXlDES5CtxyvMsZWPpEhIdC,658.2158115,0,,3,Active,106758
7e58a5c0-a840-4602-9bec-ed80a09b71bc,D·¥Ä Ä·¥ã H·¥è Äs·¥á,18,https://drive.google.com/uc?export=view&id=1jJdGtLy1CXcaP55a_krKk82m2hrIbAUX,846.1217594,38,,9,Active,
7e755433-70b3-4059-88ed-5377da607812,The Legion,268,,596.1914214,0,,4,Active,
7ea3513f-d8c2-4168-82ac-d4a67682d495,France,40,,567.2105077,0,,,Retired,
7f15e385-eb96-4a75-9b48-ff819400232b,Demonic Obscurity,59,,601.8530687,0,,5,Active,
80298302-ca3d-42a4-9e30-784a1925451b,Empty Wallet,145,https://drive.google.com/uc?export=view&id=1NTdRLvER5-vMg82nKj-hKM_dfrlmu26-,644.8104097,0,,4,Active,
8042db82-80aa-4894-9393-97bcc7e14e45,(Œ®) œâŒπœÇŒ∫Œµd DŒ±œâŒ∑,294,,570.5330534,0,,,Active,
8058de0b-36fc-4922-9d67-49614af5b764,Paw Patrol,175,https://drive.google.com/uc?export=view&id=1BywFnMXCib3kD1p-RA9md414jfwLqtOJ,612.969114,0,,3,Active,
80c3e93d-71f8-4f20-8615-2f3db8a70a56,Dark Omen,73,,574.482198,0,,,Active,
810ce666-f36b-4cb4-bcc6-28a34207752f,America,158,https://drive.google.com/uc?export=view&id=15yus_HOEy5Il1GcMfZBTmp-j2QTayKBq,572.2369676,0,,1,Active,67009
81345a0b-6301-432d-b62d-eb8af2a4d208,Rivals,263,,584.2134222,0,,,Active,
81e97079-e990-4db3-af32-ff6ce16f6709,FourFighters,207,,595.2110179,0,,7,Active,
8226302a-9648-4d4e-b867-ba4b758cc756,The Rise of C.A,210,https://drive.google.com/uc?export=view&id=1-OhEODW56_8m9r6hISPtPHib7oTxETI6,702.4427308,0,,4,Active,
827070fb-7981-477b-b124-687af41f878a,Basterds of Harm,211,https://drive.google.com/uc?export=view&id=1n4treZCmJ8qUCUsjstHxYIS5HL3SnYbv,609.6225107,0,,,Active,
8272a842-9b2b-4d93-8db2-a1f18d7d10f0,Horde,144,,604.8403663,0,,2,Active,
82823e28-157c-49de-9bdc-2607e5788336,Avalon,288,https://drive.google.com/uc?export=view&id=1uYT0KCWScvrBwqgkFss1FydEaYXgVnFc,572.3463772,0,,,Active,111227
833a5a93-2198-408a-8bc0-5052ec3ac193,Brutal Valor,43,,594.48,0,,,Disbanded,
837fc8c5-d68a-4b50-a3c1-9bb04ba34ae2,Misfits,46,https://drive.google.com/uc?export=view&id=1w1GTGaQ8EXYzPC7ZRQei5f2ifly1WWqe,580.4725949,0,,,Active,
83f618fd-25dc-4a40-8a32-e1088ad616c0,War Pigs,203,,587.6991575,0,,3,Active,
842702a6-1bfd-45ed-9994-d3a18efd6ec8,BLOOD OATH KNIGHTS,242,,579.2824852,0,,7,Active,
8432ac15-0aa1-4e3d-a0df-e10a490a076b,Rohan Riders,187,https://drive.google.com/uc?export=view&id=1uChkTiYFPGkBO4PNNjlPvSqf2uSrx2cn,630.2922335,0,,4,Active,
84cfecaf-e441-4fdc-bb1c-7d25fd090fbf,France Guilde,72,https://drive.google.com/uc?export=view&id=1Yw4ciJwWudiS8Vs3FzE4zO6pcdQ74gjK,641.8538271,0,,1,Active,
84e759c9-36c0-42c0-863a-2a8fd2f64bae,Dyd,171,https://drive.google.com/uc?export=view&id=1fQWdX0yrlHWmEIYcVQtpTuh6MKvYe5ZG,580.4612872,0,,4,Active,
85289720-a9f2-4181-a5d2-8b536f40c478,ÂàùÂøÉËÄÖ „Åß „ÇÇ È†ëÂºµ„Çã,358,,589.8747076,0,,1,Active,
853090b4-14d4-46ad-aee2-15830efdd3b9,Space Thieves,104,,591.5281248,0,,3,Active,
8683ff36-87d4-42e5-9773-90a72c394762,GTA1,85,,569.033688,0,,3,Active,
8690d301-a18f-4d25-8fb7-edba63db2fc3,Exodus,290,https://drive.google.com/uc?export=view&id=1BkvER4NLGZgrwuhqWkIBAhlY6xM6aX24,574.5027662,0,,4,Active,
874572a7-5d56-42e7-b26f-640b9671cd8c,Wildfire,103,https://drive.google.com/uc?export=view&id=1cEsMBGEPMwR57VJq3eUxd3mRlBgRg2gf,678.8463704,0,,3,Active,
88941534-1d36-4681-b7da-dcfab346afba,Crimson Skies,331,https://drive.google.com/uc?export=view&id=1I8f_pMuo78miFk4QNyqLI53CWPYL2vVC,608.3666768,0,,,Active,
88f8f884-bceb-4308-9692-445356777596,Faceless Men,30,,602.9001859,0,,,Active,
89d03d04-3bb9-4709-9dd7-3685915953d5,Dark Templars,20,https://drive.google.com/uc?export=view&id=1x1rP_gMEbrxQWCqWJpPO01EXvPqvRUM3,612.2572977,3,,2,Active,85850
8a89b489-1c87-4543-a894-3a4a8862f2a3,IDGAF,206,,607.2189993,0,,2,Active,
8a9e24f3-a1ea-4ec1-8473-90e09d702eb9,Dead Warriors,149,,600.4346828,0,,2,Active,67117276
8b0acf20-607a-4de9-9c0f-346a8527befe,*Ê°ú*,209,https://drive.google.com/uc?export=view&id=1sMmZZMCA0dMkT9gs0SyCaMXLCS87AspP,780.3937227,5,üëë,8,Active,
8c0d1f0a-5cf7-45b5-97fd-2e02d79305dc,Eternal,135,https://drive.google.com/uc?export=view&id=1s5ztlQtohH3Y6xaud5p_tf5fm6cz24LF,610.0124299,0,,5,Active,
8c9141d7-f2f3-42e2-89d0-6f97e8776db5,The Guild,77,https://drive.google.com/uc?export=view&id=1tRYoZ4Mp3tQ8MUJJeN0UUwCbVsjaqRJ8,667.6748221,0,,4,Active,55973
8cd27b27-f596-45c4-9d97-4b73196da26a,Yin,140,https://drive.google.com/uc?export=view&id=1VI9Gx9dcfKI5-upVeXNfZWkZIu2hAfcj,554.8220949,0,,,Active,
8d9029aa-af23-4c6f-9a51-5c412ba11c94,Memento Mori,182,,573.2473941,0,,,Active,
8dc3bafc-f414-49f7-aa49-b7640ad0e0f8,DemiGods Of War,224,https://drive.google.com/uc?export=view&id=10-XvJgz8K3ZGQvY5m6rOi2uTyNw4UGhU,710.8703929,1,,1,Active,
8e0df4cc-0183-41ff-bfa4-d48dc25e5abc,Evolution,318,,587.2171632,0,,3,Active,
8ec58b0d-4dc9-4f69-afbf-051a89c5ee9e,Bad Company,71,https://drive.google.com/uc?export=view&id=1dWHKGFOh_CRHinIhY1HJuuz-_9X8CX1s,620.0681599,0,,4,Active,
8f094cdd-9318-4e81-a81a-93879ea093ad,Horvarthers,101,https://drive.google.com/uc?export=view&id=1JBgV9vvXMno-qs-AqQJrIkt8KWRl0YQF,631.0144647,0,,5,Active,
8f953da0-7e0f-4a6a-be33-7b916120719f,Relentless Rogues,253,https://drive.google.com/uc?export=view&id=1n4s6JFBC-HXeIzCRscTrwVN-rYp7IsNU,624.6419401,0,,4,Active,
8f968e76-c343-41a0-94f8-6507dc2a9cc9,Pirates,136,,563.4521384,0,,3,Active,7725
8fc28a39-da8c-4f14-9e8d-3d26449c11be,Gold Brew,73,https://drive.google.com/uc?export=view&id=1OPtsGK7RAgNmiF8ldYif3jJOR5VDNfdZ,657.988663,0,,6,Active,
900ec916-8fef-4f55-aae0-c7cd27499cbe,Die letzten Krieger,76,https://drive.google.com/uc?export=view&id=1YZHQiNxTxcwwrL_9l65eXIEyF4M2mvQW,615.9178051,0,,,Active,
9011b1e1-910d-43cf-9c85-71141689f87f,DeadOnArrival,79,,587.2609261,0,,1,Active,
90242945-830b-42d7-b897-ea313f6c081d,Black Bull,166,,563.9575715,0,,,Active,
90410362-edea-4234-90eb-277f09b330ca,–û–≥—É—Ä—á–∏–∫,62,,594.6203419,0,,4,Active,
9062544e-0dbe-498e-9f04-cf64b11d341a,Team Players,247,https://drive.google.com/uc?export=view&id=19FCPBVMqKrYf0ZgTtyQFDaskc8fy9pH1,626.0864295,0,,2,Active,
90862015-b076-4eab-b2fb-18fe33ae1d4b,Horny Heidis,30,https://drive.google.com/uc?export=view&id=1xXbsa0s4K83uLmaJjobSdTM_kmhreD3Z,614.524355,0,,5,Active,
90b6644a-0681-403b-8908-399a8ffbb5c6,Beta-Beware,161,https://drive.google.com/uc?export=view&id=1nrnnpbQB5PPlnMf3EhQafa0Z_UMQ1ELw,773.9481415,1,üëë,11,Active,
9115bb87-3863-47f5-98b7-6313aeec6496,GoodGame,254,https://drive.google.com/uc?export=view&id=1DIsr1U4MDSjsI9rJmF3v1Flo0WHRIEXR,597.9581844,0,,3,Active,
9125c8e2-7c57-4768-bbf2-325872e4c3b1,Valkyrie's Flame,261,https://drive.google.com/uc?export=view&id=1j85jFpIZjT3RbMQknU58fPfQUk_Dtgo8,597.9581844,0,,,Disbanded,
918556a3-6e4c-4047-9d20-3b8aaf840d07,Optimum Cats II,166,https://drive.google.com/uc?export=view&id=1IZ879zoC1Efe9VyMbCkpD8ssuoU4i5bA,625.0078889,0,,3,Active,
925da4f2-d7df-410f-9555-7595976ab9e6,Band Of Brothers,194,,616.5035715,0,,2,Active,
9264db6b-1120-44ec-977a-6931fca1597c,Helden,188,https://drive.google.com/uc?export=view&id=1VDfxfGkGQn77KV47EwVvl_Qi_7LZV5fX,716.2933952,0,,8,Active,17569
927b817a-805e-40c9-bf8a-b7274bea7ac2,Storms,53,,595.246125,0,,4,Active,
92b91237-3b36-43ec-999a-0f76d753b8d9,Valar Morghulis,170,,568.9266578,0,,3,Active,
92be0ddf-7b9d-4d0c-bf92-a6065a13ebc3,Band Of Brothers,340,https://drive.google.com/uc?export=view&id=1kBeLerENK2FwKe1dQi72iaA1a6hSSeA-,602.2898558,0,,1,Active,
932befc1-0b6a-4757-8eb3-904ac854a768,Praetorians,35,,596.7782111,0,,6,Active,
93557032-a412-4ec6-8109-d1f8594ece0b,Black Bullz,88,https://drive.google.com/uc?export=view&id=1Tm37qa80l2PHnjpivOgJhQfdf6FMVSc_,561.3675725,0,,,Active,
9369c47b-2a9f-4410-b7a5-a9c727edafce,∆Æ·¥¥·¥± ∆ä·¥¨·¥ø·¥∑ ‚±§·¥±·¥¨·¥∏·¥π,99,https://drive.google.com/uc?export=view&id=13y5OAxoU-ZYjapUSDIycPmw7xv1r7ZJM,689.770774,0,,3,Active,
938a6a9b-0741-4b41-aed0-a5e5baaf393c,Beer Heaven,206,,585.127542,0,,,Active,
938b616d-46c0-4d75-8d24-80e77b1567ba,Fearless Misfits,99,,571.782875,0,,1,Active,95896
93ae8d63-515b-4764-95ae-7b9d3cf09876,Hell's Aces,263,,597.2724749,0,,3,Active,
949c0746-da43-457d-81be-0283795a7bf8,Killer Whales,195,https://drive.google.com/uc?export=view&id=1x4ouMFgizOEYf-YJ7gBBLIYfnO1QJJPU,716.2908897,0,,3,Active,9865
94a160b2-9431-4a32-9b42-e92a62ea1ec0,ABYSS,289,https://drive.google.com/uc?export=view&id=1EPMsfxDukIuSZdCmVTiQ06OR9Cesr530,581.9655268,0,,6,Active,67118727
94dad3ba-0c18-402a-af0a-80283be0f2bf,Social Distancing,265,https://drive.google.com/uc?export=view&id=1Nj48c9IwW9mtMXbmPBnPnOSBu68oMXac,640.6230759,0,,,Active,72123
954c911c-d048-4354-8c83-c70504049511,TaiwanÂè∞ÁÅ£&ÂÖ®ËèØ‰∫∫ÂÖ¨ÊúÉ,296,,673.6193155,0,,,Retired,
959b8e08-ec05-4804-81a7-4d214da4bdef,Familia,245,,604.9036013,0,,,Active,
96612711-4a93-4d39-89fa-a0350c44a6c6,Inglorious Bastards,251,https://drive.google.com/uc?export=view&id=1eJXg3p3Co0lotEhP7QCciuSvZNUKY9R1,640.0906261,0,,3,Active,
968f7bb2-bbff-45c2-addb-9514a50e726a,42 INC,42,https://drive.google.com/uc?export=view&id=1ufcZcyeLabQPooEWLoOq1s_QFsinGkGF,563.1534259,0,,,Active,
96db2729-556f-4994-9d0f-18aa03be4c84,Rage,239,https://drive.google.com/uc?export=view&id=142srteCrja1GOReTzlB0rXnQI4_iq0F9,666.4526112,0,,5,Active,
96fb47e3-0b8a-49ce-85fc-219b3057e94b,The Wild Hunt,194,https://drive.google.com/uc?export=view&id=1NuN9NHjG1zLr6n6TmUJcWbsrtATJjZZk,613.1266573,0,,5,Active,
9729fd80-c866-46c5-a8a0-a2e6a3e3014e,Rage,29,https://drive.google.com/uc?export=view&id=1gJzxdLj2tAbtljN_odJfQYFpnAOzns_F,592.8185774,0,,5,Active,
97d0e65c-c34a-4564-b749-ac36446b0671,Metal Celts,58,,578.0516737,0,,,Active,
97df8e5d-31e6-4bf9-81d5-3004841d59e1,Heroes of the Storm,351,,589.4464789,0,,1,Active,
97ea8ace-ff3a-4d44-a41d-276c491b1ee5,Caelum,355,,592.6084376,0,,,Active,
987c0316-b491-48b8-8211-01dc67595442,Ê≠ÉË°Ä‰∏∫Áõü BloodCovenant,294,https://drive.google.com/uc?export=view&id=1Hexpacr61Nkk1fk_gXE7JUfqT5N86S3_,646.0967422,0,,4,Active,
98dc0f1c-eafc-41b7-9bf4-da32e34ee3cd,BVB,323,,621.6815854,0,,,Active,
98e43f6b-5270-487a-85aa-fc311be82223,jackalopes,323,,582.1212949,0,,3,Active,
9950dd3c-0117-44d6-8b4c-e2bd2ad2b92c,All 4 One,148,https://drive.google.com/uc?export=view&id=1PE8Xgu4tNyfNs6F2-sFIxXm_tEGxBYa_,575.5229392,0,,1,Active,
9978fd63-d1fc-485e-b4f5-52e9b5796fc2,Walker Legion,75,https://drive.google.com/uc?export=view&id=1jZUzpKw0PaLZODKay009DIB4rLeYrVmI,572.2813195,0,,3,Retired,
99d506eb-001d-4a84-8c06-dc2f61648ad1,Legi√£o BR,30,https://drive.google.com/uc?export=view&id=1TEkuyhOxglZeZz5VeK4bYK7AxqKh8xSB,593.7376982,0,,1,Active,
99e02bf3-e0ba-4109-b860-68615d77abb0,Jedi ‚ú°Ô∏é GoDs,184,https://drive.google.com/uc?export=view&id=1KG8u5T8D1zYVKuTnvprT5ZFU3uAzYha6,572.7985366,0,,,Disbanded,
9a248531-27bf-4650-ab51-514db82675a5,German Fighter,157,,607.9479017,0,,,Retired,
9a3c53e8-107a-4ffe-8db1-8e743a06abc2,–û–≥–Ω–µ–Ω–Ω—ã–π –§–µ–Ω–∏–∫—Å,10,https://drive.google.com/uc?export=view&id=1MDdYf3k8mU-7bgMRHXlHI8FFUjvqd3LO,547.586261,0,,3,Active,
9ada8b6c-e04c-4fea-88ad-aacce1ca0855,Wolfs Power,79,,590.4655676,0,,,Active,
9b2678f7-28e7-40a9-acbc-72cba5f5a145,Horny Dragons,101,https://drive.google.com/uc?export=view&id=1jIJq-Sxm85Jv8CQqQqBQzO46jWvbM0IQ,692.59,1,,,Retired,
9b89f490-d474-46a8-9e09-28b85746308e,The Avengers,174,https://drive.google.com/uc?export=view&id=1XvhfspXuOrkV8YZxOfOTBN_GX0at7H96,656.1297132,0,,4,Active,
9bbc23a6-b3e2-4330-8593-0d21fdb33c22,Rock On,181,,569.3184861,0,,,Active,
9c411d7c-e9b0-4b54-a484-8595f2f63c86,The Red Pill,268,https://drive.google.com/uc?export=view&id=1TPGHsuYNVdJTyO8O2y2KLrwticmcsxp1,631.1205645,0,,,Disbanded,
9c4d9461-8b1c-4f9c-af4b-6638aed2582f,Valhalla's Guard,373,,583.7441459,0,,,Retired,
9c73e3ab-9786-49bb-b16a-b7bbdb1700f2,INVICTUS,138,https://drive.google.com/uc?export=view&id=1ZbU4orNuTQdwsyrvDneyluyhKfMoAiP5,833.1888794,15,,1,Active,
9ca25e44-509b-45fe-b65f-cb24bb4c9d45,MITÁéãÂúãÈ®éÂ£´Âúò,306,https://drive.google.com/uc?export=view&id=1BnD9wLk8uwQBzgr34A4qySNh1tjCljfV,689.4326137,0,,10,Active,
9cdbe1ef-e518-4a60-9546-3c3651e4669f,FourFoxSake,42,https://drive.google.com/uc?export=view&id=1dzpaKTGO86jBDfUMoRMoORVQfR_GX5fr,579.5982093,0,,,Active,
9d501278-8c4b-4190-a160-0e02b6d0d1bd,Awesome,118,https://drive.google.com/uc?export=view&id=1WcdftN4IuygE1nUKt6g695JO4nn-qoxs,605.8499382,0,,4,Active,
9d77ff65-be09-48db-be43-775b1066c6c8,Elysium,114,https://drive.google.com/uc?export=view&id=1qmRJjFco83uShd3-yrjaOmMRaOzY1QOj,552.5284508,0,,,Active,
9db195c2-0275-4fc3-b96d-401212bc3f23,Jacquie & Michel,28,https://drive.google.com/uc?export=view&id=1AGTofj70D2B5ZEVpaj8fF1H4UgI69BvU,599.3393873,0,,3,Active,23546
9e093aa7-f0fd-4275-b82a-d2453effe810,Mythical Pirates,142,https://drive.google.com/uc?export=view&id=1u-fsWoDxwje4j9Gcx6dVwl5JbUg_-ieV,674.7921134,0,,5,Active,
9e6058ca-a6b2-41de-a8e1-5cbcc54e61eb,solo,263,https://drive.google.com/uc?export=view&id=1NdAciPmGClqnEfLvoyLlBSwBd0Rf523P,642.8646815,0,,3,Active,100664810
9ec2f103-4d21-4fd2-80e1-7aace03ead68,The Empire,280,https://drive.google.com/uc?export=view&id=15peUUVQLA2ApT4zTdMsQAKtegD9-JiRy,566.79,0,,,Retired,
9f741aac-602c-4e7c-8051-4eb07908c492,Rising Stars,264,,587.3318297,0,,,Active,
9f993c82-cd57-45f9-afcd-18a73f43f660,4sakeN,239,,601.5371295,0,,3,Active,
a01a4378-c4d8-4d0e-9ac9-57190118c3e9,(R)evolution,175,,552.6381876,0,,6,Active,
a0269406-1db7-47b3-a1b4-b0a322467eaf,Phoenix,323,,558.507625,0,,5,Active,
a03e3b0e-866a-4a64-abaa-f4e6ac988f38,Gamers of La Comt√©,85,,577.5564865,0,,1,Active,
a1bc0f77-79b8-4ce4-8eb4-4f7027d5a3e0,***CH–ï–ñ–ù–´–ô –ë–ê–†–°***,94,https://drive.google.com/uc?export=view&id=1aIrv39cgiTuc29LF1jLwhgqGVn1Hs2if,544.9875543,0,,2,Active,
a1c0d175-5cca-4919-ab91-05e45115b37a,{FÃ¥ÃâÃõSÃ¥ÕÜÃàUÃ∏ÕÇÃÉ}¬≤,281,,572.1409797,0,,4,Disbanded,
a27ded84-e79e-46e3-847f-23dc5bdf828f,PHOENIX,118,https://drive.google.com/uc?export=view&id=1cftZRqnxkUphiHL63aMlLid27WzeVJiK,587.6696014,0,,,Active,
a365204d-6c0a-474d-a5ff-c576ff77df13,Squires,120,https://drive.google.com/uc?export=view&id=1nXYMqU2Stquzk-m13lLGC7lbMU7pgb2X,618.830264,0,,2,Active,
a39f0c81-1560-43ec-976c-0aefd043f23b,Not a chance,128,https://drive.google.com/uc?export=view&id=1gMZ-2nSIKSV34A04aUcw_GdIn7KXwh_4,561.7087582,0,,1,Active,83889783
a4126d82-9b3a-4696-9a8d-47436e8d70f4,Prost Mahlzeit,104,,593.9876025,0,,3,Active,
a4927062-ecac-4240-afe8-d00e14b7f5d1,The Chapter,97,https://drive.google.com/uc?export=view&id=1MQH7en1OKGO8eO4KUqCRRRwX0pXLe5uO,622.6133213,0,,,Active,
a4b4ae95-40b4-4e1f-b9e6-ed2bbd630e71,(∆Å‚±§»Æ) Ôø•'·∏æ·∫¨ƒ†ƒòƒêƒêÍô®≈ä,189,,606.0231276,0,,,Active,64057
a4b54f14-b1ae-43f6-b6ce-03133bc243e9,‚±†…Ü‚Ç≤≈Ç√ò‚Ç¶ √ò‚Ç£ ‡∏ø‚±†√ò√òƒê,232,https://drive.google.com/uc?export=view&id=1U86-WN2u6jpPGvq2Kcf4kM9yFT33w_5K,604.7024873,0,,4,Active,
a4bb6a56-1137-4f30-9a67-ad22af2487c5,Renegade Templars,20,https://drive.google.com/uc?export=view&id=1tty_PEMc4D2epEH9Vd9zgfOhoLEr6dfy,556.2047766,0,,,Active,101907
a521d766-26f7-431f-a330-c1de24f1fe91,Uprising Outlaws,113,https://drive.google.com/uc?export=view&id=1nu6_rrYArANHljHwyCX5M8BktKmwIYuw,561.1803518,0,,,Active,
a5819541-6bbe-44f9-ada2-d23b2dddeeec,Call of Doody,10,,579.8922219,0,,2,Active,
a5b5d428-0db0-4fc5-99ef-c871f2d56c25,Game Over „ÉÖ,265,https://drive.google.com/uc?export=view&id=18ONs-Qm8esoh08foxSn7Pji89QE_IvPI,688.8926323,1,,4,Active,
a5ebaff3-1e36-4ede-af28-069ac5b4cd5a,Lion's Pride,34,https://drive.google.com/uc?export=view&id=1Asu5ehIRxx_3uXyqzAjOejnSMRPScSsR,557.4485465,0,,5,Active,
a6622ffe-57a2-4357-be80-76d8b7b63d8a,Dead Horse,58,,607.8170415,0,,,Disbanded,
a684d299-f4ac-4229-9416-cbc4ea5698ad,Few More Elite,129,,589.5251555,0,,1,Active,
a702fdb3-4800-4d1c-9ab3-048b22920112,! Night Stalkers !,305,,596.4271174,0,,,Active,
a70d9384-14f5-4f86-96b3-1a27a22757d1,FURY of Zeus,182,https://drive.google.com/uc?export=view&id=1ONfESHX-xkuXYm4kG7i6vocuRTBEzA8k,591.4884759,0,,6,Active,
a733e639-273b-4e29-af0a-f339229a17e0,Super Titans,268,,575.1367628,0,,,Active,
a76a0376-dc80-4d62-b485-e3fba8e9bb6f,Clan USA,225,,620.5924568,0,,2,Active,
a7865b6f-b35a-45de-8cd1-4ea2fe49542b,4sakenGunners,229,https://drive.google.com/uc?export=view&id=1bOTLvtR8aqioC4pplxb8okpZIiephzpf,617.4675855,0,,3,Active,
a7a8b1a7-9215-4245-83b4-d3da7dc73afe,Tardis,141,,600.9003914,0,,4,Active,
a7cfa4d0-e08b-4c44-8a9a-1a5cfd0720b3,United Forces,173,,586.0346697,0,,,Active,
a7ea0067-ac6c-44ed-b30d-8605d3be8c28,Dire Wolves,157,,597.1692755,0,,,Active,
a82330de-5532-4a63-a60c-89fea91f9fc6,Wolf's Pack,196,https://drive.google.com/uc?export=view&id=1nU6U3M2DO2XoidND9BJp01DH1XIxijT1,560.0917481,0,,4,Active,
a82a05a7-b467-467b-a2af-6a6ba2a99af7,(∆Å‚±§»Æ) ‚ÇÆ—íŒµ ƒ§Íô®≈ñƒê∆êÃß,189,,585.6203968,0,,,Active,
a889cd5d-10a2-4df2-8bde-ee7134df5309,Midnight Beta,121,,580.5797859,0,,5,Active,
a9196f7e-ed51-44ee-97b6-ffe44aa3644a,The Party Bus,204,https://drive.google.com/uc?export=view&id=1cl02lvXm4mHCDm4T1Z48Jg1gZTTflSH7,628.431863,0,,2,Active,101585
a95e6291-5015-407d-ba85-922b28072bd6,Midnight Omega,121,,596.404477,0,,3,Active,67117138
a9608821-8480-4135-8b89-07b6607986cf,TitaniumHoneybadgers,222,https://drive.google.com/uc?export=view&id=1RxS4in98-nb7kuCGJemGgAmXlBypLEhZ,744.9102681,1,,2,Active,
a9af3e31-7dc4-4f2d-a6ab-9225421b0ce2,GranducatoDiToscana,188,https://drive.google.com/uc?export=view&id=1SSbLjH02ej9eOJ89Av6zMbBL3T_G5mU6,601.9707264,0,,3,Active,
a9cc1a5c-eccd-46fa-8a83-b436a8663a0f,Vader's Army,448,,561.9963727,0,,3,Active,
a9d9ca43-86a0-41c0-a3f1-f1fa869dd6d0,Borgs-We assimilate,274,,585.6245574,0,,,Active,
a9f15891-c411-4b3e-ae4b-d994e7710998,Demonites,71,,593.7888949,0,,,Active,
a9f15e69-4802-401b-9629-3d9d5b9226b0,Wasted Emeralds,158,https://drive.google.com/uc?export=view&id=17ebnosQX8SMwKnlgh94iELMVmr6J_M0-,560.4213509,0,,2,Active,100672125
aa2119fc-2d49-49e9-bd4c-18e8b1210d2b,Valhalla,161,https://drive.google.com/uc?export=view&id=1VSfT8CUXlJivwgYWXFE5AZVn4yCJdcW-,558.6527604,0,,4,Active,
aa293cee-6163-4fbe-8ab1-73daf8d62fa9,ONE PIECE,135,https://drive.google.com/uc?export=view&id=16L_Z6mTUd9pLbmz86Vqw3ecotIlLKvzA,655.6085561,0,,,Disbanded,
aabdec26-0669-4dd9-84d2-ab57defa1af9,TEAM KOREA,386,https://drive.google.com/uc?export=view&id=1pKW7yFoFhPWsjYFVTQuVw0_yi_aAoPUE,689.4128993,0,,7,Active,
ab1d1642-d03a-45d1-bcbe-d82c9c032e06,AgentsOfChaos,32,https://drive.google.com/uc?export=view&id=162Xxu3ARHCaAkgDGUcOejtVRoS7WOflx,630.0696978,0,,6,Active,
ab59dbbd-bdc3-492d-96bd-81609df92d5f,D. AssassinsÂà∫ÂÆ¢È†òÂüü,120,https://drive.google.com/uc?export=view&id=1ujuJMFrXgdEUBC5q9i6_4-IkAYBpPamw,675.6283921,0,,,Active,
ac096e76-7b64-4e84-b688-0563a950191f,Sunrise-JP,152,https://drive.google.com/uc?export=view&id=1qQjAzgPm8wti7xzbPdqOmsEgAtrS5fM5,733.970878,1,,7,Active,
ac800ff5-cf18-4375-9346-a9b2e4d30c3b,Careless Whispers,140,,627.3941624,0,,4,Active,100673832
ac9b29ba-2e37-4665-8420-ef81f0023f9e,Ultimate Warriors,146,https://drive.google.com/uc?export=view&id=198OC2qt2TKjjP2-rocJoICzjn5U4rUqH,590.8839484,0,,3,Active,
aca51721-a2a4-4ca8-91fa-cd996598b682,Black Tide Rising,310,https://drive.google.com/uc?export=view&id=1NcfKm4L2C8sInvxcnb9FUSAgRMEo8kkR,578.6446484,0,,4,Active,
ad58371f-b2aa-4665-b7a6-812298d4f836,Lords of Chaos,180,,604.7762174,0,,1,Active,
ad59cfbd-06c7-4b5e-a7f5-17608d1eb39b,Gypsy Beggars,436,,605.8302543,0,,,Active,
ad7bfebc-e681-48f1-add9-355a596167ff,Rebound,26,https://drive.google.com/uc?export=view&id=1t6WrcKO_izChloFAXL_PUv-Kg88-y4wF,557.5508836,0,,5,Active,
ae232811-56b7-4516-96bf-7a5919ea270e,P≈´sh D—ç–º D≈´kƒì≈û,76,https://drive.google.com/uc?export=view&id=1j47c2JKbUjjPARDBiQQr_-qxMi0uQ_KY,532.5619771,0,,2,Active,
ae381352-5ea3-4957-bf26-34a6bc7dc053,Wrecking Balls,261,https://drive.google.com/uc?export=view&id=1U4WNlCI6lGnTnQMnvzAefymzn5ivXz0F,644.6119075,0,,1,Active,
aea74d8f-3de2-4f95-9229-f942471bd07b,WhiskySoaked,205,,613.4824327,0,,1,Active,
aecb32f6-3f56-462f-b7e9-9d0fbb8565af,Turtle ship,309,https://drive.google.com/uc?export=view&id=1jOBzK-2QeQ4hMML48OLtlX4tofOBFOMH,717.5301437,1,,3,Active,
aeeb5bb7-dc68-4ca8-a574-c79d094a0f8a,TEX TITANS,244,,584.1948575,0,,4,Active,
af1b6fa8-a9c8-49e3-8ea9-d939b9b5f0da,SCIENTIFIC COMMUNITY,337,,604.9593571,0,,,Active,
b0cfbaad-9e75-47d5-9b29-dabb72dcca56,DƒÖ‡Ωû∆ô  ·É™…≠∆°‡πè‚àÇ,232,,590.6540773,0,,,Active,
b22ba993-a5c8-43f8-8305-644d82e7f24b,Lethal Militia,249,https://drive.google.com/uc?export=view&id=1ElZ1f2VybGjP6VXGgiF1WL60wstMNeFB,612.9923914,0,,5,Active,
b24f7be0-c290-4839-bdbf-ab3dedafdd82,Knights of Old,146,,605.23,0,,,Disbanded,
b26bce8f-a081-47cc-8457-52da0ee036a3,Dark Phoenix,153,,604.2494869,0,,,Active,
b2a2875f-eef6-4d2d-b6db-ca59eaafa84f,Highlander,101,https://drive.google.com/uc?export=view&id=1iGRv3Nf6r6EZ93XSoS-smselEADis0TG,545.1282437,0,,1,Active,
b2c0aacf-b970-44ae-87b5-ceaa92b5b52e,W T F,123,,586.5650982,0,,6,Active,
b2e030df-2fe2-410f-98e9-742a76b82d99,Castra Invicta,86,https://drive.google.com/uc?export=view&id=1EDUaWo2XMkqqf52V5o8P9P7n7-xdAlpz,534.2995992,0,,,Active,
b379b54b-0edf-4bbb-8039-17b2cc95d402,Micro Brew,73,https://drive.google.com/uc?export=view&id=1pt1c85TUTsEZSXzMsfraWf5i8sJ3cXik,628.632114,0,,4,Active,
b402ca7a-723d-4715-9fbe-27505fbf7b9d,Jedi Squirrel Squad,174,https://drive.google.com/uc?export=view&id=1-4v2TOAImQlSoJhJW43j0wVlygiN3Uzl,575.4793365,0,,,Active,
b4bb1df2-bfc0-44cc-aaa3-c65c699d7a23,Unholy Knights,107,https://drive.google.com/uc?export=view&id=1HWoIHPO6RlEP0AjRQSZB1TMOR8eD8EK5,618.7899121,1,,4,Active,
b5198428-7149-4769-8e7d-b34ecfa49818,Fear the Fury,203,https://drive.google.com/uc?export=view&id=1bEXdrO0ygRjMp80RGxNdgBhdtf0Gc5bu,600.1831193,0,,,Active,
b51e9ec0-ddad-4d77-8dcf-1375d4e37a1f,Blazing Ants,132,https://drive.google.com/uc?export=view&id=1QVrIykmiGunLriimetg5ytAn_nwPikVm,770.8553062,3,,5,Active,
b54d7f13-9d3e-44f8-86df-2a668336ed8b,Tardis,142,,597.69,0,,,Disbanded,
b568978e-9c83-468c-a328-5f67f0620acb,ÂÉèÊ•µ‰∫ÜÊÑõÊÉÖ,366,,660.7187318,0,,6,Active,
b56d6a82-fe7b-42e9-9690-79e19208be00,999SUPERHEROES,209,https://drive.google.com/uc?export=view&id=1h1qZVlyOpn37fYbKUBy_016JtlgY0rOG,579.5918563,0,,3,Active,
b610663d-c816-4630-a7a2-cc770a86ac1c,Great Balls of Fury,286,,571.1587782,0,,,Active,
b6a0cd40-ad8b-49e5-bd2b-7db097400a58,the hateful 88,79,,611.813517,0,,6,Active,
b6a5c744-2860-4148-9b6e-8edd82b4ed6b,Lion's Roar,34,https://drive.google.com/uc?export=view&id=1kB8NzpkVWrAvdv6M_7U83Ik0dPiPEqzM,667.712173,2,,3,Active,
b6af1be7-cde1-439d-ab90-9b30ba163b46,Danish Slackers,89,https://drive.google.com/uc?export=view&id=1l0qmK5QUGMaV19bX7aOjJ2x3dcSfbFe9,533.4075652,0,,6,Active,
b70cba6a-37cc-4f34-9b9e-53e7da4970a5,Gaelic Gladiators,114,,585.1498385,0,,,Active,
b70d1ae8-0f51-4575-806a-35597dab5865,Karma Kamikaze,153,,602.085182,0,,,Active,
b73568f3-58b6-4fa0-87ef-857f3b0f6b76,Braveheart,117,https://drive.google.com/uc?export=view&id=1itteh4XlM2LxEFAQuekAStUUroVnJWur,545.0255845,0,,,Retired,
b7ec4c12-1d17-4438-9d2e-e492cb34b5ad,VarnaBG,165,https://drive.google.com/uc?export=view&id=1fCBllNEk-sD2uBL25VIeqMsTI3WKQAIe,555.7897299,0,,,Active,
b87b91ba-9e0a-4262-a90f-5dfacc9504ed,Kingdom of Heroes,326,https://drive.google.com/uc?export=view&id=1wdQCmbORp2P9W7XjjQgpX95U_A-N1qnX,591.7160244,0,,5,Active,
b8e67ffb-7d10-419a-8e97-a4d8a6a9dc13,Basterds at Arms,211,https://drive.google.com/uc?export=view&id=14TibLd-4FNfxrTprOivV5FaziS1L-OCk,817.5551787,9,,10,Active,111898
b96ad3e2-3fae-4153-bd0b-bce15f58f7bf,Guardian Angels,314,,586.0964971,0,,2,Active,
b9df8cad-7841-4cb8-be49-f78283dec88d,Dark Reign,210,https://drive.google.com/uc?export=view&id=1iUbB24v6mprmIP5ljLgHXD0VnMUcNGBo,592.6,0,,,Retired,
b9e0532d-bf8a-4789-a87f-a5aed0a4f045,Sorry4U,265,https://drive.google.com/uc?export=view&id=1DaPmDzWIJ7vmIO4UbeQvQHVYtb-ye7Is,661.5454167,0,,5,Active,100665188
ba7788f1-f11c-4958-9854-4354a07976a8,Hot Chilli Peppers,158,https://drive.google.com/uc?export=view&id=11TUnAt5-WI5Ylb9Gg-2DaS5jla5qGeF5,698.446887,0,,5,Active,
ba8e99ae-7da8-4bc7-a79a-1fcb89d0ba57,Dark Vikings,168,,600.1407278,0,,3,Active,41037
ba992f43-8520-4055-a6a1-df83a83571a7,Elite,2,https://drive.google.com/uc?export=view&id=1MZlnhAZLNtTk7n7lGqvp1nxGtLjjn-1S,644.9331737,17,,,Active,
ba9fcd06-005b-4331-89a6-305d7e8174e7,Apocalypse,335,,562.2441538,0,,1,Active,
baa5d879-a384-460b-b3ed-61e6e8ada8b1,OASIS„Äú„Ç™„Ç¢„Ç∑„Çπ„Äú,216,,605.9982838,0,,,Active,50014
bac07e73-8c5a-446b-b2dd-70137436eb0b,Minions Of War,131,https://drive.google.com/uc?export=view&id=1koavmYnuMJCcMERCO9khHbqmtyvynQ-z,587.8749817,0,,1,Active,
bad25fe9-e5aa-451f-b5b7-63633330e61c,Project Phoenix,187,,576.8165087,0,,3,Active,
bae2c426-f2ec-4331-9c79-759e7024a600,The Curse,401,,550.0667124,0,,,Active,
bb1a1c37-3079-4c58-a462-b9d0ed0a24c2,unKnown.,108,https://drive.google.com/uc?export=view&id=192JCBVJen2DdqXhsuKQnzMZv48aqkeeQ,635.8110708,0,,1,Active,
bb452fea-5266-40b2-9817-59f7d1761693,MASTERS OF REALITY,72,,564.6427749,0,,5,Active,
bbcff1a7-4bce-4a21-841b-18481fd7e71c,Bulldogs,126,https://drive.google.com/uc?export=view&id=1OIz_PuRNZrguwIEeGyCXTBoe8kHiPNy9,605.148998,0,,,Active,
bbdeeaed-380b-4f45-a441-30a125e9a3e2,Parabellum,107,https://drive.google.com/uc?export=view&id=1aoKm7ZJDE_XcbskO20LTx8jV_Gt3YATx,734.5044544,0,,7,Active,
bc31208c-c361-4534-8a84-31c98ff54642,Î¨¥Í∂ÅÌôî,366,https://drive.google.com/uc?export=view&id=1GZqSDCGo7OUYk19Yd4GQrlv3KdaOKn7u,612.2286455,0,,,Active,
bc6c4369-5692-4061-8d84-82868b551c9a,LocalHeroes,124,https://drive.google.com/uc?export=view&id=11A01wPlOJcSg6CVG6SxExGZ5TKIXfx_w,732.8542365,2,,5,Active,
bd15d7a3-4293-4953-8713-dc8036cca7e2,00Deutschland,97,,600.3660514,0,,2,Active,
bd5449b7-cc53-497a-81c9-dc347be15997,Glob@l Fighter,111,,576.6773635,0,,,Active,
bd545442-b089-4771-89e0-fa9af5187068,Honor & Brave,185,https://drive.google.com/uc?export=view&id=1ifYEBxomrMOJh8GHbYvwpmN3O8hJL45b,605.0595075,0,,,Retired,
bd697020-8bf8-4d79-8c5f-35d26a9840c5,Vetrelec,93,https://drive.google.com/uc?export=view&id=1JzFUdY3lhvFBBBzZiweukMfEi4IaQnQj,601.1388309,0,,5,Active,
bd70d6b9-b702-4b21-96dc-5c3e80aaf0ca,INSANITY,58,https://drive.google.com/uc?export=view&id=1J_KtoxptPObx7Ygd-bq-KuIX3hXa4HRA,621.6697461,0,,,Active,
bd73ab66-5ae8-4c90-9c0c-0b117262790b,‚òÜŒ£·í™I‰∏ÖŒû‚òÜ,175,https://drive.google.com/uc?export=view&id=1vGyFgEz2azKA2ZfNcIleoiQmrXUIIXsi,556.1376494,0,,,Active,
be194678-72e2-41ff-9131-5f8740900d81,Devil's Rejects,136,https://drive.google.com/uc?export=view&id=1KdsmOVRg8fYyC0rRN6U-fc4TwsWqL18n,600,0,,,Unrated,
be2531ce-da7d-4e3f-a388-7921ef78e611,Talon's Army,58,,593.8495052,0,,6,Active,
be3860aa-fbd5-4ba6-9cd8-ab61681efc90,Snow zombie,157,https://drive.google.com/uc?export=view&id=1-iH4MNAcEEPyHFXOf9toonVWCPbEGbFy,633.33437,0,,,Active,
be4efcfb-8a00-44f8-b20a-a9ab37813161,Halona,117,,623.2966997,0,,2,Active,56257
becaa174-93bc-4b4a-a691-bd86808afec6,HollyEmp,195,https://drive.google.com/uc?export=view&id=1SpJ0jLEuFolzk2AYYZH8jnFkacHgQwDA,575.1387009,0,,,Active,
bee5e402-3cc4-47df-a3da-b3dad8ca8616,VOID¬Æ,103,https://drive.google.com/uc?export=view&id=1VIAF7Obz4lYXYuVcrbCd_kh6cauWZsak,773.077085,5,,3,Active,
befa64c5-c36e-4ee9-8cb5-32a25629b40b,Golden Phoenix,87,https://drive.google.com/uc?export=view&id=1i6oKhXXMOikf3RH3gv8ZOlK7ZztP8ya8,638.9621418,2,,6,Active,
bff3fb74-054c-4b2d-b97b-86aef58858fe,4EverSharks,124,https://drive.google.com/uc?export=view&id=1AkzmB33Mcc53OmGo04CZXIl8oXjpVmDA,578.4112627,0,,1,Active,
c0c1ffad-1b87-4b19-b1a0-b4a3140ca9e3,Dark Empire,296,,572.5317691,0,,1,Active,
c0dffd4d-fdc2-422a-af20-2f8a0c4373aa,W√∂lfe des Feuers,103,,588.8109001,0,,4,Active,
c194b310-04d1-44b6-abd6-41cdd6712e01,Asgard,174,https://drive.google.com/uc?export=view&id=120nNRw3JcxS9fZmp2BRJ_Wk5YDV1sxZC,613.8516128,0,,3,Active,
c1c65071-2d6f-4fcd-82c3-d7231ef75fc7,The Mountain,165,,573.2718061,0,,5,Active,
c24e7945-324e-47f9-9639-e75a4f0ca27a,TWA Assassins,134,https://drive.google.com/uc?export=view&id=1vT0yIfAczTDzRSameCwrP2iqzvMh7tDJ,709.1381547,1,,3,Active,
c2ec2b88-fef8-46cc-a859-a178e258afda,Wizards of War,225,https://drive.google.com/uc?export=view&id=1H9bbMlC0fJn6Qzf4mdXH6SO9s5lHSzZr,597.5203064,0,,3,Active,22433
c365a3e1-d492-4f26-a930-a28eeedf46a4,Darkness Rising,331,,583.2329496,0,,,Active,
c449213e-b2f9-416b-bb42-7c44fc555d3d,Angels of Death,280,,621.2319401,0,,1,Active,814
c4c994c1-b21b-43b4-86d7-dc797f577b5a,Imperial Legion,221,https://drive.google.com/uc?export=view&id=1fkXUFeFLStpzxJE-R9hwmgoB6BC7IC7y,872.7820925,13,üëë,10,Active,42915
c587ec65-7dda-4bb6-83b0-2f839a330e53,–ù–∞—Å–ª–µ–¥–∏–µ,56,https://drive.google.com/uc?export=view&id=12HL0lqdJIeQeRcaJHQq46PTOpxKVatnE,605.5941654,0,,3,Active,
c5b9d762-bf40-4d91-9983-c50ad7f1e5ea,{The} Raiders,344,https://drive.google.com/uc?export=view&id=1-hmTmnl7o0ve4wff0XtbzEZJw5IsA962,558.2136018,0,,6,Active,
c5cf4c8b-b8cf-48eb-a900-28840d92777b,Outcast Penguins,113,,602.12,0,,,Retired,
c5e10cd0-4f54-487a-abdc-fe0aab7f44a6,Warriors,352,,617.6660108,0,,2,Active,
c5fc3c3e-8122-4e9b-a19f-a698953fa03f,Death Kings,93,https://drive.google.com/uc?export=view&id=1pnKn0rE7rpRiCA9WB92uZMuc646aeqC9,583.7731489,0,,2,Active,
c5fedaf5-91b5-467d-ad4c-481993d740b4,Demon hunters 2,87,,580.0385203,0,,1,Active,
c69afb43-e9bb-4bea-8b03-c7412253237d,Emergence,2,https://drive.google.com/uc?export=view&id=1nr-Pf78VhVV1qxebeTQoUTZKffc-D122,579.9011249,0,,,Active,
c6d33035-c7ff-4f2a-92be-63bd45a711d3,Rookies,240,https://drive.google.com/uc?export=view&id=1kYxTgzJnPsTo0cTs7OFmf50K5WmkF3i8,543.9234217,0,,2,Active,
c71b09d2-3830-4465-9c88-277a96e576b2,Reaper‚Äôs Asylum,26,https://drive.google.com/uc?export=view&id=19EwZ8wXyOnD4NxmZkR0kKoU44PHs9iZ5,599.2067007,0,,2,Active,
c73810ca-68c9-4f39-9e1c-829de395952f,Rebels,163,https://drive.google.com/uc?export=view&id=1hrXO3Vql7tA1kaSJo4l6A436znXGgydW,682.8983059,0,,5,Active,
c7e0ceaf-56ad-469c-9678-462f4acfa459,Friends of Odin,168,https://drive.google.com/uc?export=view&id=11zzvGRN4BbHm20vpi73JhYPxPmvAvfDH,678.5589164,0,,5,Active,
c8148b62-1214-4beb-b2ad-7475e33df502,‚òÖ The Last Dragon ‚òÖ,312,https://drive.google.com/uc?export=view&id=1WEbgyQkWOOGCJKPY7h5TXq2EDNLvgRv4,731.9948465,1,,9,Active,
c8868193-6e87-4714-99e0-8dec05a68c26,QuasiAuT,146,,578.6649855,0,,,Disbanded,
c888c0f5-d803-4587-8c28-efae34e44ca2,Imperial Bandits,221,https://drive.google.com/uc?export=view&id=1Rds76YVRUyYJz_DIL5LN3E8ryh1ZAnOu,656.3651617,0,,6,Active,
c8acbc1e-6d77-4c24-8ae9-6b7e10ba546b,Deutsche Krieger,50,,589.8190727,0,,,Active,
c8ca1c44-c19f-4f3b-b791-9f9de0fb6d83,Hermes,247,https://drive.google.com/uc?export=view&id=1UaDZ8k5_tvTuMKPqscZbwZA8TLM0Al_g,567.81,0,,,Disbanded,
c8d7f92d-a58c-4b96-8f26-7073dea4bd89,Rising Stars II,264,,583.4737312,0,,,Active,25507
c8fad2c3-6bb2-4f6d-b10b-2d99db8fdd8f,Magicians,218,https://drive.google.com/uc?export=view&id=1tUBOI4cFZfJQ6Y2EVQ-7kTFA_iuDmk6s,646.5002909,0,,2,Active,
c95898cb-b6c2-4dd2-92a3-e26c8f1b0241,Elysium¬≥,136,https://drive.google.com/uc?export=view&id=1_jDnXuusf7GBsMc6EwIFS6CAPpAuO_Up,599.8677397,0,,2,Active,
c9725749-934b-4109-b889-14097596d04d,Fcuk Titan Artifacts,117,https://drive.google.com/uc?export=view&id=1MQOv-geqJnhLyBLAFmt-M_8-Qbha5r_F,707.7425906,0,,4,Active,
c9fc0c71-2644-4a28-8025-d1b2602058c1,The Implication,110,https://drive.google.com/uc?export=view&id=12H71N26oscjojnK7rYNuAu9A9yQ1gGIg,734.4601755,0,,2,Active,110727
ca0acb59-0145-4a8d-b61f-39d4dd0f0a9f,SPECTRE,213,,571.2124171,0,,,Retired,
ca6dc5ab-c845-442f-a2df-53b7983e24c4,Œû«™ùó®Œõ≈Å≈ÇZŒû–Ø,48,,591.5189958,0,,6,Active,
ca8350f4-793e-458d-b3f6-cbb756fe345e,PSYCHO REALM,318,https://drive.google.com/uc?export=view&id=1-5bmqpiCfuNLpWyUPk4cpvPeSQQX1xJ4,602.9263806,0,,8,Active,
cae6cdec-e750-44c1-984d-2440861ecd7c,Â∞∏ ÂºÄ ÔæâÂá†,254,,590.4596329,0,,,Active,
cb15ac71-920c-4c9f-876d-be21f7a276ac,Brotherhood,100,https://drive.google.com/uc?export=view&id=1XRO-GICoji8XWOV686eHU5D-uy4lY6ST,698.9066788,1,,6,Active,
cb25b577-48d7-4033-9089-b0f4daff2d1f,The Dark Side,278,https://drive.google.com/uc?export=view&id=1ER3IsGafHRwblZeacBdb09OehDsIvXeW,652.1407791,0,,5,Active,
cb347c49-c077-4b9d-b07f-910b77f71d0a,The War Alliance,134,https://drive.google.com/uc?export=view&id=1dEUMb4PTmXFmyos30OP_t0slFX2hcQss,813.0686741,13,,9,Active,
cb8f9e02-ab45-4cdf-a591-811486f53cde,StalkerS,187,https://drive.google.com/uc?export=view&id=1R-wzQ2YDIRpgpA5eSB2fEFmkOKep15LI,601.3636615,0,,4,Active,
cba42df5-3ba4-4749-abfa-dd6a5e450492,Bourbon and Booty,171,https://drive.google.com/uc?export=view&id=1AngZMak3uwYtJW2QRFZmS111WyOG6L5m,577.2692281,0,,1,Active,
cc69cf69-e865-46dd-971d-959cbfa640e8,Punishers,265,https://drive.google.com/uc?export=view&id=1AJiiU9y_JiP3Qmp18xf4O7UeCVAu1VQP,569.5508937,0,,5,Active,
cc9695b1-eae1-4018-a640-cd945b9993f3,The Old Guard,346,,619.0221585,0,,1,Active,
cc9879f7-07fc-49a8-ad9a-72c0dce906b4,Friends + Brothers,196,https://drive.google.com/uc?export=view&id=1zUyFf8rhsc2EHK4nk3UMr7o4XG3IPCcJ,600.4993316,0,,7,Active,
ccfad601-8e30-43ec-81fd-781088df7717,THE KINGDOM,361,,604.3917017,0,,7,Active,
cd1a5067-ed53-4457-856f-6ca31f065141,The Regiments,42,,573.6180854,0,,3,Active,
cd5526e0-72b6-4923-a61c-3e9e146dccf0,stay high,48,https://drive.google.com/uc?export=view&id=14FEqsyvqmFo4BI93nRf6xPSw59Mx35MB,758.1182329,18,,1,Active,
cd8e5e94-1810-4932-9a39-d39b5e2ffb89,Heroes United,416,,608.3673083,0,,,Active,
cdb0adbe-5899-4de0-8e46-885be54fb644,ÂõõËëâËçâ,229,,604.6356615,0,,,Active,
cdbcf9fd-85cb-485e-b6fe-1edddf14db2a,Casual Noobs,35,,567.7524288,0,,3,Active,
ce5636bb-1c98-4f3f-9dda-85df8f5a9ba6,Nameless KING,249,https://drive.google.com/uc?export=view&id=19lD84cS9kqcQrPQrZWX0fVdYJtlQP3Fp,644.7203321,0,,4,Active,
cf16550d-f70d-4785-9697-be7f8e7fbe26,Blackheart,111,https://drive.google.com/uc?export=view&id=1YuQ-0srxfsVbWRdfJ2B79cvABKVXvQSY,642.28,0,,,Disbanded,112278
cf6289b1-048a-4231-bf96-d3b231363005,S·¥Ä·¥Ñ Ä·¥á·¥Ö D·¥á·¥á Ä,213,https://drive.google.com/uc?export=view&id=1HasX3MK7_u6W_x1a1SPwyxYPj9o6Smci,674.1526975,0,,4,Active,
cfad73ee-8eea-4022-8fb7-346f1918ce18,Asgard,93,,594.1938578,0,,,Retired,41029
d07af524-df1c-49b5-a61a-95df994b1d37,No M9ney Club,293,,596.9990745,0,,4,Active,
d0ccfb28-7332-4808-9028-025553462678,Chill&Slash,244,,568.3683437,0,,5,Active,67110906
d1456488-0f7d-4d94-8e24-1fdbf3a799f3,Spartan Warriors,406,,594.7400441,0,,,Disbanded,
d14d02ed-574c-4d5a-bdbc-83c5c075a816,Immortals,144,https://drive.google.com/uc?export=view&id=1QKWGOde5gDiU8VcMVH069oCOUAoXeyXF,614.8969893,0,,2,Active,83901157
d1ae1b7c-0103-40d4-b487-d7ae64ce095d,Ghost,249,https://drive.google.com/uc?export=view&id=1cRHH-kV0dGGOIFOGd9QQCB5ILO5X3DAp,556.9653817,0,,5,Active,83900653
d1be582d-d396-4895-84ab-f75e9181697f,BluCrew,42,,598.7934484,0,,,Active,40114
d1fe9c1f-bbeb-4aa9-a19d-953598d52cc0,‚é°ÁÇ∫‰∫ÜÈÉ®ËêΩ‚é¶ FTH,142,https://drive.google.com/uc?export=view&id=1BL6UBiV4Ye-rx5d4PFWZ7PsZeJdhqxxj,635.3560339,0,,,Active,
d2a31210-43aa-4464-a0ed-98c5612c4f36,X-treme,175,https://drive.google.com/uc?export=view&id=1VBqxFMbAy3oDYv6XFY0k-EK3MVrdZJmq,599.169044,0,,2,Active,
d368d216-7723-4366-bd71-e58ba8e776bf,SWAGO,123,https://drive.google.com/uc?export=view&id=1qJk7XY_35EBeXj_csqi-Q0fn3awoz0Z2,606.6413384,0,,,Active,
d3e57b6b-e79c-4169-b5ed-ce338c958e53,Nevermore,126,https://drive.google.com/uc?export=view&id=1IKA1oV3EbhRA3SAUCGHkJemKu3ppLzix,592.12,0,,,Retired,
d643d0c5-6953-42b2-b0bf-822a3af2114e,The New Beginning,400,,610.3878011,0,,4,Active,
d64d5543-8633-4984-be54-c7e1893e6a41,‚òÖ THE LAST DANCE ‚òÖ,320,https://drive.google.com/uc?export=view&id=1P-h00QQqZ_Hy4j1jdiwEtfy0ahz9BrnU,632.1654377,0,,,Active,
d6a389b5-9866-4e2a-82a2-d3da5627979d,Might and Magic,253,https://drive.google.com/uc?export=view&id=13e_12LS1aqrVi-dfk-JkBCUfRBArdryZ,560.8611431,0,,4,Active,
d72e61a3-2c7b-4e97-8afe-e523660ef9cc,Inglourious BASTERDS,132,https://drive.google.com/uc?export=view&id=1VbQykgtv0QdGR-RGVPD8DuRuGfOgAVEf,590.11404,0,,6,Active,
d78b0eaa-46d3-4e29-8ce0-a48c03f84ceb,Masked Dominators,346,https://drive.google.com/uc?export=view&id=1WF7JmQTV80Mwn9d8pHSUut3PGeGrCjel,600.2546581,0,,3,Active,
d793f094-fd53-467c-b4d5-1b8b4a75126a,Germanguard,80,https://drive.google.com/uc?export=view&id=1U4nAVStYzVksRIuNKEry2flqr-O_FF92,595.6881933,0,,,Active,
d7f430b1-2084-492d-95fd-df1a8fa48283,La Cosa Nostra,141,,572.4632813,0,,3,Active,
d81ac204-f5d6-444c-8c32-a6c0ffc32794,NightFall,292,,610.9441187,0,,3,Active,
d8409b5a-706c-4db2-be8d-8c69945828e9,Italian Heroes,207,,591.3172284,0,,6,Active,
d86c03e2-d5ed-41d7-8f77-6a21b9da6175,Fire and Blood,170,https://drive.google.com/uc?export=view&id=1sNn3PDARApV2WCptfZZcYTjKbXajZ5K2,594.0995872,0,,,Active,
d8adc3be-4d22-4c39-b13a-127dfc5819d0,Xib'alb'a,59,https://drive.google.com/uc?export=view&id=1X4KacGmDESHagCVAPWzSynThXIni2Eqc,572.3344719,0,,4,Active,
d9939858-8289-4f4e-9378-809cbccfa738,‚òØ[]‚òØ‚Ñ¢Y-Army‚Ñ¢,148,,557.3070088,0,,4,Active,
d9b7a5b6-17ad-4400-ad2b-878e2806df38,Ace,113,,575.5004302,0,,6,Active,49602
db960b38-e625-44f0-91aa-29ce2c4f9153,Heaven,213,https://drive.google.com/uc?export=view&id=1XdsMvAcuL2zbtILvuER2ighsjTKReEJW,759.8178518,2,,7,Active,
dbd1306c-9585-406a-8793-c6bc75c8b8a9,Unity,171,https://drive.google.com/uc?export=view&id=1xMe3y7DozIzkWCELar7VHibhMLke0vZ5,597.2776267,0,,,Active,
dbd6cd4d-a6d2-4942-bc51-eb3dba48f5eb,IMPERIUM,214,,578.580877,0,,,Active,
dbef0650-7796-405c-9af4-e0d2b18e08de,Impregnable Castle,451,,595.3141628,0,,,Active,
dcada159-5a72-4949-9006-d26da5319c24,Elysium,136,https://drive.google.com/uc?export=view&id=1qy5lY0s6kjgE3C6STuPKMzdD_Z5aT5Ym,873.0405824,11,üëë,7,Active,
dcf87533-28ff-4011-a5e2-5cb4caaa571d,Warlords,134,,599.7649369,0,,,Retired,
dd9b1b86-5a5b-492c-9c3d-dddd2d02af18,Barun,245,https://drive.google.com/uc?export=view&id=1O1VaNh71jJuwCErE9Zh2nH0RSCkMzyfe,585.948177,0,,,Active,
dde6deba-352b-4802-bc1c-867d225c876c,LŒ£∆ß PIŒõF∆ß,97,https://drive.google.com/uc?export=view&id=1ViR_pWxSf-1vACsNwZApaBbiPXa5BtAy,549.2835068,0,,4,Active,
de54c76a-a407-41e2-bcab-511e2203da8f,L'ordre Du Chaos,2,,589.6829316,0,,4,Active,
deb5b7e0-e067-4ab8-9d42-907141201ed1,Fluffy Paws,265,,583.3519828,0,,,Active,
ded04eed-cf3f-47c0-8981-7a0f0b60380d,TheWolves,135,,597.4657469,0,,4,Active,
defd3bd2-0e6d-4983-a14c-6ebd6e2f9e7b,Brave Heart,99,,614.3837977,0,,,Active,
df205bfa-080e-47d1-a305-111f0ac089b8,Mastini Italiani,13,,570.9662483,0,,1,Active,
df9b2250-68e7-4bf4-9d85-e326b360199e,Out of Cash,319,,603.90714,0,,1,Active,
dfbc3c30-0e4e-435c-86cc-67b6d70ec0c8,Mystery Toilet,10,https://drive.google.com/uc?export=view&id=1lgENwo4WygOpp9LBpqkSvkF0U0Sa-Eds,657.8990825,0,,8,Active,
dfe3d580-3b64-4815-b84b-7efb61d4c6ae,Narrow is the Path,213,,563.061236,0,,,Active,
e0528ad3-c20d-417b-93fe-d474b13faaa7,Germany 501st,78,https://drive.google.com/uc?export=view&id=1umwClrevC3wds6FYBe3fgaTJILfhZJTK,597.23,0,,,Disbanded,
e0a051da-c394-4b1f-b044-cbd934e8f975,Pirates United,413,,593.7228748,0,,4,Active,
e11d723a-d8bd-4051-a734-cf600aeee77c,Ronins,317,https://drive.google.com/uc?export=view&id=12jsU3SivWjl4aH41ooZVRkR4AQtEAw8u,584.8470234,0,,,Active,
e2084f0d-a8a9-4475-8ce4-ccb4d748521f,SIRIUS [QE],177,https://drive.google.com/uc?export=view&id=1oC0LzOSwOGitRb307cErzBS4hwcIPavu,697.1283426,0,,2,Active,
e259a8a7-20e8-45e0-900b-0440269a1d99,Dragon's,320,https://drive.google.com/uc?export=view&id=1LScqVbTjQfFaO1TJPuDNkRuw4ivnuPM8,550.8888018,0,,4,Active,
e2e32826-b069-4757-bd3f-9fd49554e258,PaidForWar,294,https://drive.google.com/uc?export=view&id=1pO-LLqDlRFbeEd1FrHMYgrsgizJCck0b,641.0526805,0,,6,Active,
e37b50af-ca9b-4599-830c-67236a778107,Glazed Donut Holes,118,,597.3249165,0,,5,Active,
e5070649-305f-4e4b-81fa-c0c5fcb73e18,Temple,205,,589.4977831,0,,1,Active,
e511fa79-b586-4eea-881c-ca40f3a08129,Jolly Rogers,114,,589.0519893,0,,6,Active,
e539d89a-042b-4389-8639-c933e3689115,Infinity¬∞,30,https://drive.google.com/uc?export=view&id=1ixJbGvcDcuVkbTvO1mD5EUBikFFbTL83,645.5038173,0,,2,Active,
e583bb16-d991-4887-ac49-9436e8bc3c54,‚ÜºMÃ∂‚Ç≥ƒêP‚Ç≥CÃ∂K‚áÄ,206,https://drive.google.com/uc?export=view&id=1IgkUDrJVhHstw_6K54KHcEAzf-IQ1jfA,571.557527,0,,3,Active,
e5e864c5-b85a-45b6-bfd3-1fc3cf8979fd,Âè∞ÁÅ£ ‰∫∫ ‰æÜÂêß,326,,577.185128,0,,3,Active,
e5f5c850-7329-4b48-ab70-1c2e7c25fe57,Ragnar√∂k,75,https://drive.google.com/uc?export=view&id=1gATVXWyibkCA-6z54gebjT9vUT4UlN1v,664.5493547,0,,8,Active,
e7d27b5e-e2c0-497f-a4c5-f6d3cfc4b5d1,Lost Boys,38,,595.115699,0,,1,Active,
e84ed49a-d78f-484f-a5b7-2167002885e1,NEMESIS,149,,582.8313965,0,,2,Active,
e8e51dfd-55e4-4f36-b547-04ce62cf8377,S.M.A.S.H!!!,290,https://drive.google.com/uc?export=view&id=1XvNmS3S2jfPYH-h0ka7btU6HN36MUxqQ,592.43,0,,,Disbanded,
e8f1610d-3ca9-457e-a655-09e180235d30,Diablos of Honor,178,https://drive.google.com/uc?export=view&id=1AA_4cNTtmlEF3RMjLqHDY_wwOjbW3Qbv,700.7495499,0,,5,Active,
e97b3c8f-4f5a-4ee0-bd4b-6165e816492a,FORGOTTEN MASTERS,297,https://drive.google.com/uc?export=view&id=1SHFmq-27Cs4Zz7MzFNLEhCLh4IvkK_Vg,621.3876821,0,,1,Active,
e9808cc4-0a64-4860-8859-c1e90ad69d00,xDIVINE VENGEANCEx,158,https://drive.google.com/uc?export=view&id=16WfPWhIRbKEOBRvg5vkD9NITu-U6HOpo,616.0726628,0,,,Active,
e9892748-ba13-4094-9042-03cdd21740f6,I am GROOT,207,https://drive.google.com/uc?export=view&id=1IudLXn4twL0FAfOJ8y7OX7LWBckZ6w88,623.57,0,,,Disbanded,67118946
e9b6d278-cc8d-46c2-81c4-6fe027d6bc9d,German Walhalla,18,https://drive.google.com/uc?export=view&id=1aN-nJJZOpf9vaFVJH7YThq9MSXHw2Rr8,636.3314584,2,,2,Active,
e9dbd65e-3c7a-45f9-aab2-11bb5cc32ab3,Elementum,214,,571.8907557,0,,4,Active,
e9e342e4-1a9d-4bc1-80bd-7a4c84ced2b9,The Renaissance,47,https://drive.google.com/uc?export=view&id=1B5PeVWKb-1DDAnjna_hXaD1huPO-8zPp,661.9826616,0,,7,Active,
ea2aa61d-485d-4638-8261-4e53f2b19059,ËèØ‰∫∫‰∏ñÁïåWOC,384,https://drive.google.com/uc?export=view&id=1LPrQvEexHUWdjra62Si3YbtKH4-lFIhC,701.3093954,1,,8,Active,
eaf8cc98-aeb0-45c0-9aff-5a45bfa5c15f,Chaosclan,96,https://drive.google.com/uc?export=view&id=17gxNRgG3m8YUnvGCn1frl-G2eqVCkRgy,621.8621073,0,,1,Active,
eb2f2c2b-b90f-4493-a29b-4f80aef16659,The Free Kingdom,319,,597.2817132,0,,5,Active,
ec36b192-e642-481a-820c-ba70e55251f9,TATAS,171,https://drive.google.com/uc?export=view&id=1mM9LviJYrwQtl6tRw2A1JaiZ6V_enDgJ,643.02,0,,,Retired,
ecac2498-6f9a-4a08-bcb2-6e837b7a7ba8,Devil's Blades,368,,625.6261363,0,,7,Active,
ecc71941-9c98-439c-b68d-efdb98cd67a2,The Grim Reefers,89,https://drive.google.com/uc?export=view&id=1JtPVOVmLNCsMVWrrXl8OQhNXE4_pMFpB,572.1731146,0,,,Active,
ecd511cb-36f5-4e10-bc0b-9e82698eb9cc,Heroes of Citadel,40,https://drive.google.com/uc?export=view&id=1oBlB8Coul5DtAwPIs8xccBL77QI2_Phq,604.0412515,0,,,Active,
ed07c70a-62a4-4a6d-a579-94e4fe10ebc8,AllGood,126,https://drive.google.com/uc?export=view&id=1j3YHf2sqA8KlLy3ey2FCK9HgZ6zqMgui,601.2006351,0,,,Active,
ed4aaaae-4772-42c8-9856-a481815264b3,Requiem,313,https://drive.google.com/uc?export=view&id=1pkDbzI2SAEKVvMAqPMZ0YHA64BkJAByd,580.95,0,,,Disbanded,
ed6931e9-e400-45e6-af90-94fec392f00d,United Forces,93,https://drive.google.com/uc?export=view&id=1iBTvkFfBNDapSi35QIZVbYIjHBUzemtD,651.3053908,0,,5,Active,83886153
eea3b6d4-01d5-4ac1-bf79-a6ac94bbb241,Phoenix Rising,180,https://drive.google.com/uc?export=view&id=1nAVQiE78iGYJqeCmqYMLr1rDiFaH3tux,620.9823236,0,,,Retired,
eed7bdde-2311-4f2a-a8cf-35a944219dce,Phoenix,325,,572.1770138,0,,2,Active,
ef3d761c-e38c-490e-b78b-241eb5383c7d,Reincarnated,93,https://drive.google.com/uc?export=view&id=1GgkOCdnrSdkg8CRpiwcEB_9b8K7_ePr3,576.6530595,0,,6,Active,
efc7f325-ab2b-4564-8d43-f112099adc1d,Drinkers United!,219,https://drive.google.com/uc?export=view&id=1Ye_xkZIV22hKGxWHXyqekIIEUUcaV_S6,608.4206609,0,,1,Active,
efc98382-f96a-41c9-8389-110a3dc966fd,Clapping Cheeks,261,https://drive.google.com/uc?export=view&id=1GBcz7CwV7VyCKjcSS7Z2tULKDCPugxMP,702.1267881,0,,1,Active,
eff9a313-b813-49ca-9c8f-f962c123825b,Shadowterror,106,https://drive.google.com/uc?export=view&id=1GRK8R7hhBqy-ux3z1uCEwZOpUgIAgCxo,702.1267881,0,,,Disbanded,102326
f0806e24-f442-4360-957b-712d4d5e21c0,Darkzone,190,,589.1856759,0,,5,Active,
f0bda787-d876-4497-b248-9d8d35fa6dc4,Hot To The Touch,155,https://drive.google.com/uc?export=view&id=1JThPcufKvtfVvdXxoGrtV6Ll9k4LGx5C,586.8920415,0,,,Active,
f0c67186-de58-4373-a8b1-f217cec12427,Slow Motion,157,,610.8449654,0,,5,Active,
f0ec8086-99be-497c-a89d-17e9b1231e22,–Ñ“≥„äâ…ñ äs,60,https://drive.google.com/uc?export=view&id=13gC0C1WAZ0OxDqym4w2qrZSPf5F4wVk8,692.6160436,22,,8,Active,
f1102128-654f-4c30-9bb4-632148737fcd,Cthulhu,24,,567.1695847,0,,3,Active,
f11fc6df-beef-4c71-a6c3-02c5ee8e3b71,Asgard,154,,591.9304439,0,,3,Active,
f168a855-3982-47cd-bc08-93ad05d7a30a,Notorious,55,https://drive.google.com/uc?export=view&id=10okG8TBnhRGK6j-CiSuiXQdnSjm4yT_l,547.004029,0,,2,Active,
f195ff64-263a-4ff8-945c-4c75d2570764,Revenant,6,https://drive.google.com/uc?export=view&id=14yWgNV4yI0g_2fEekyjaxDW0cyisIhiM,588.0309985,0,,2,Active,44419
f1c1ec16-4503-4e70-8187-a28217677493,The Kings Arms,214,https://drive.google.com/uc?export=view&id=1Nl59CZfkozDAh8wrQ43NVh65PVX0rwyZ,602.8554667,0,,5,Active,
f1c42018-1931-4bdf-a9e5-c3ab58b793a2,X-Farce,180,https://drive.google.com/uc?export=view&id=1r64ZijvclTLi5lUf2fd1jRUidEdCbuIv,682.9671815,0,,2,Active,
f2249524-5c7f-412b-8e8f-c91afc8d16a8,bobo,116,https://drive.google.com/uc?export=view&id=1QPt_Tc-vad0OFomUEuSKzW-LEGrWfPZL,659.9589855,0,,,Disbanded,
f2302892-e2d2-4360-8416-f6b8ae538c1c,3 Stars and a Sun,37,https://drive.google.com/uc?export=view&id=1I_qNvKBTLVOQ9bBaRwSfz0L7ei7EUC24,547.4308882,0,,,Active,
f261f949-d82a-49e7-9bba-dc759c8bafb5,Rampage,126,,610.2826122,0,,,Active,
f3a37b4c-721b-4788-87fb-687d53ed2b98,The Invaders,32,,592.8648111,0,,,Active,
f3de42f0-800f-4111-8052-4f4f3491600b,AbsolutE,290,,587.5214799,0,,6,Active,
f4f0703c-3fe7-44bc-8f17-20054c8672b0,Wartorn,236,,597.2260001,0,,2,Active,
f5890296-5320-4ecf-a27e-486c4365428d,LEGION,168,https://drive.google.com/uc?export=view&id=1sBBStQQcj1OS2OK5gOssqUkru4nqblL1,640.3744137,0,,6,Active,
f5b58086-b2bb-4e36-ae61-f48d742148b1,JUST SNAKE,249,,579.2902403,0,,,Disbanded,
f5d8b0b9-974a-489c-b975-2db8c04ff563,Êà∞ Èæç 2 ( Êôâ Èöé ÂçÄ ),219,,606.121605,0,,,Active,
f622c8d3-7ffd-457c-a066-4a696d16002b,Optimum Cats,166,https://drive.google.com/uc?export=view&id=1mmfjgoMq-Zh5KdWXvc8AhQ-QVerIwwTK,812.1846555,8,üëë,1,Active,
f642b23a-9e63-40bd-aafe-a218db9195d3,Hoptimists,111,,575.1101831,0,,6,Active,
f6d2ae03-bca8-48df-8016-4e863afd140f,NWO-Knights Templar,160,https://drive.google.com/uc?export=view&id=1uGRisS_MudLg5nNxjWiSJHezPIF3OvKu,736.3843672,1,,2,Active,
f70989ed-67b4-45b5-9b1c-e853f3917183,HAKUNA MATATA,293,,637.6593569,0,,,Active,
f71b541c-1c2a-4ec1-bfa9-58018f265c67,Colorful Surprises,329,https://drive.google.com/uc?export=view&id=198eMW5ATMG0-R1WyftYi9oVdoX6mxo-r,813.1764046,6,üëë,6,Active,
f71c4f16-c771-4023-9fe7-dcd87ea9a496,Rebellionaires,206,,593.7158154,0,,4,Active,
f7a708e3-fa35-4bf0-8cad-c861bb99fb57,Ordre du Ph√©nix,33,https://drive.google.com/uc?export=view&id=1t4KEMn4E2mjWpYeylOH52hUiE0N2hvjK,603.0241249,0,,8,Active,
f7b99566-fd45-4fb5-b26e-89156fe3a220,:zap: :zap: OLYMPUS:zap: :zap:,30,,603.4532357,0,,8,Active,
f7cd171d-44ad-483f-af38-7de7cbb7f581,Westwind,247,,576.8621197,0,,4,Active,77169
f862b7c1-fffc-451d-b543-b6ede3b129d4,‚òÜVinaHouse‚òÜ,200,https://drive.google.com/uc?export=view&id=1cRNfX55QHFGhBvHEhCW2qUYettXT7J35,624.3301051,0,,5,Active,
f87eb25f-d429-4402-9399-4a2d20a97e8c,Defenders,77,https://drive.google.com/uc?export=view&id=1Z93IRaj5DL5GfnXJJMmwTATRbgQyqbrl,601.7178696,0,,3,Active,
fa64b7d5-97d7-4f2f-8c46-2025c1f50795,Faneflam,48,https://drive.google.com/uc?export=view&id=1XQnCNC2VPDuW2tzMfnnjIsYgUNGIFur_,611.5090635,0,,6,Active,
fb56c9e2-db8f-44f0-ad99-1eef197aa8a3,The Defilers,2,https://drive.google.com/uc?export=view&id=1Vy7f0wcACXWOobO-noSz4tQia0LyPxls,621.6365107,10,,3,Active,
fb75a112-1032-492b-bf4c-3cfaf2adcf2e,We are Groot Synergy,199,https://drive.google.com/uc?export=view&id=1fusu8t05ylCB7CDhwmzWzVCLwZW7y95P,703.8189831,0,,6,Active,
fb896a61-628e-4383-824c-7067c684d8ef,Âçé‰∫∫ ÂÖ¨‰ºö,254,https://drive.google.com/uc?export=view&id=1AvJsg7f16CEQNPbmfl6NpoDp0vQnVE8V,725.536057,2,üëë,5,Active,
fc616a33-f9d1-45ba-97e1-da75ad49fc89,Dream  Ëß£ÊÜÇ ÈõúË≤® Á§æ,322,,579.6852871,0,,,Active,
fce26d3e-319d-43e8-8135-ad3cd4c6cbd3,Toy Soldiers,104,https://drive.google.com/uc?export=view&id=1BGighsRa7TSdYShoN0KZf2arfmiVJG7d,570.0617091,0,,1,Active,
fce9f036-693d-4ebb-ad61-bc176b47d634,The Rising Order,46,https://drive.google.com/uc?export=view&id=18Se51BN2OebXqqvM8z4F2cmuA3fcvsZ3,571.8871366,0,,4,Active,
fd524193-d54b-4819-a511-177614ec03f5,DEFIANCE,276,https://drive.google.com/uc?export=view&id=1qOo_OPrLJNC22nSFYM7awWMaYDBOpvhL,660.2203743,0,,3,Active,
fd5913bb-3547-4167-9c71-b355eafd206f,Gods Of War,224,https://drive.google.com/uc?export=view&id=13jD7WYUyJdACTqwptwmv4Dg6Tu0XiAem,877.7047382,14,üëë,4,Active,
fdda2d24-db39-46d0-bf1e-3134f5fc88bc,One Eye Willy,111,https://drive.google.com/uc?export=view&id=1-0JhBNXY-2RN981FivPtsnB4oLHnUqe8,560.4957122,0,,2,Active,
fe1b6687-c303-4e45-b183-0cac9a71f1f9,Soul Hunters,38,https://drive.google.com/uc?export=view&id=1NDEgMXcZD-AZmrfunu9hyp9kmGpSXVRx,619.7081384,0,,3,Active,
fe402ef9-8c48-4430-888b-4c983002258c,War Lords,113,https://drive.google.com/uc?export=view&id=1CGQT2HatsOONk31ODRT4a0BPXcZbkA86,659.6729764,1,,,Active,22853
fea86116-7537-4634-aaf3-255cac75896b,Evolution,301,https://drive.google.com/uc?export=view&id=1xBxVFNyu8y6-bAurq2D7CSlJGme7vBsl,650.3637095,0,,2,Active,
fed12854-beb4-4525-b36d-90268e8d0bf9,LEGION OF DOOM,296,,605.6752916,0,,,Active,